model_name,model_type,child_name,speaker,tpr_overall,tpr_the,tpr_a,n_total,n_previous_a,n_previous_the
BabyLM-2026-Baseline-GPT2-Strict,ar,Gail,mother,0.45106805107886655,0.5551919061463945,0.2513202474799352,286,188,98
BabyLM-2026-Baseline-GPT2-Strict,ar,Gail,child,0.39475303535580586,0.44955274840959397,0.31756204169939456,224,131,93
BabyLM-2026-Baseline-GPT2-Strict,ar,Dominic,child,0.4410931325125902,0.48258274947223057,0.3551503545247634,172,116,56
BabyLM-2026-Baseline-GPT2-Strict,ar,Dominic,mother,0.4685238501521389,0.5320569666901771,0.24073438354014837,188,147,41
BabyLM-2026-Baseline-GPT2-Strict,ar,Becky,mother,0.43322266038099777,0.5285752205582553,0.24914632763238834,548,361,187
BabyLM-2026-Baseline-GPT2-Strict,ar,Becky,child,0.39938832690376624,0.4633073043502754,0.3127884219762377,438,252,186
BabyLM-2026-Baseline-GPT2-Strict,ar,Liz,mother,0.4035584938927877,0.4924229277167395,0.22647827174724877,410,273,137
BabyLM-2026-Baseline-GPT2-Strict,ar,Liz,child,0.3976052853719327,0.4981227282049593,0.2577829450208635,373,217,156
BabyLM-2026-Baseline-GPT2-Strict,ar,Carl,mother,0.37608709454811834,0.5558876625006501,0.23314564302585533,1077,477,600
BabyLM-2026-Baseline-GPT2-Strict,ar,Carl,child,0.38463054192583046,0.5587750127424693,0.2405592126558402,910,412,498
BabyLM-2026-Baseline-GPT2-Strict,ar,Joel,child,0.39066125990487355,0.5162895367780508,0.24973210315611688,331,175,156
BabyLM-2026-Baseline-GPT2-Strict,ar,Joel,mother,0.4131029381625888,0.5500495943618904,0.19157158254607148,445,275,170
BabyLM-2026-Baseline-GPT2-Strict,ar,Ruth,mother,0.39646323589383864,0.550520431272243,0.20107362224317946,372,208,164
BabyLM-2026-Baseline-GPT2-Strict,ar,Ruth,child,0.3928428840841079,0.5327725887508193,0.26537267366854206,279,133,146
BabyLM-2026-Baseline-GPT2-Strict,ar,Aran,mother,0.3695834710015061,0.5417294425311817,0.2192546104469457,1079,503,576
BabyLM-2026-Baseline-GPT2-Strict,ar,Aran,child,0.382902802920401,0.5399285641696997,0.2929978572639398,802,292,510
BabyLM-2026-Baseline-GPT2-Strict,ar,Anne,mother,0.35829924238431976,0.552602612982115,0.1737975254962055,657,320,337
BabyLM-2026-Baseline-GPT2-Strict,ar,Anne,child,0.3406609039645288,0.494915719639048,0.21847339764170176,500,221,279
BabyLM-2026-Baseline-GPT2-Strict,ar,John,mother,0.3914874764462485,0.619414411116184,0.1897026991578108,526,247,279
BabyLM-2026-Baseline-GPT2-Strict,ar,John,child,0.39476484927834715,0.5840776286751491,0.27741685930978144,473,181,292
BabyLM-2026-Baseline-GPT2-Strict,ar,Nicole,mother,0.4544913098913669,0.5275679345869628,0.21277632051362663,280,215,65
BabyLM-2026-Baseline-GPT2-Strict,ar,Nicole,child,0.4223364699363769,0.4818005706197297,0.3368568252040573,234,138,96
BabyLM-2026-Baseline-GPT2-Strict,ar,Warren,mother,0.3937220235327977,0.5771811058047948,0.20633448125497644,944,477,467
BabyLM-2026-Baseline-GPT2-Strict,ar,Warren,child,0.3778675961016148,0.5130186179414289,0.2949820084889163,826,314,512
BabyLM-2026-Baseline-GPT2-Strict-Small,ar,Gail,mother,0.4013939242897835,0.3894521650412371,0.424302605297199,286,188,98
BabyLM-2026-Baseline-GPT2-Strict-Small,ar,Gail,child,0.3434164108988945,0.28714091917978635,0.4226861895569934,224,131,93
BabyLM-2026-Baseline-GPT2-Strict-Small,ar,Dominic,child,0.4268727088887147,0.4113025995495955,0.4591250782340329,172,116,56
BabyLM-2026-Baseline-GPT2-Strict-Small,ar,Dominic,mother,0.3214941496577846,0.2994898323511807,0.40038767756195004,188,147,41
BabyLM-2026-Baseline-GPT2-Strict-Small,ar,Becky,mother,0.3512442403220785,0.33198561131883236,0.3884226631572223,548,361,187
BabyLM-2026-Baseline-GPT2-Strict-Small,ar,Becky,child,0.3738085997893947,0.3231864389078009,0.44239346291929604,438,252,186
BabyLM-2026-Baseline-GPT2-Strict-Small,ar,Liz,mother,0.36894126522493426,0.37206711940377013,0.3627123733211225,410,273,137
BabyLM-2026-Baseline-GPT2-Strict-Small,ar,Liz,child,0.3349699128033432,0.31703140743173325,0.3599228337369289,373,217,156
BabyLM-2026-Baseline-GPT2-Strict-Small,ar,Carl,mother,0.3797775008734659,0.35285793156262957,0.4011785584755809,1077,477,600
BabyLM-2026-Baseline-GPT2-Strict-Small,ar,Carl,child,0.4044173006892178,0.4214030264662327,0.3903648528576312,910,412,498
BabyLM-2026-Baseline-GPT2-Strict-Small,ar,Joel,child,0.3375630662505551,0.3460533039751477,0.3280387611107878,331,175,156
BabyLM-2026-Baseline-GPT2-Strict-Small,ar,Joel,mother,0.3402396380548308,0.35294475286075266,0.31968724645701596,445,275,170
BabyLM-2026-Baseline-GPT2-Strict-Small,ar,Ruth,mother,0.3480625874606261,0.3150818301083421,0.3898918406879132,372,208,164
BabyLM-2026-Baseline-GPT2-Strict-Small,ar,Ruth,child,0.40671208364334055,0.3257210269503141,0.4804916078910975,279,133,146
BabyLM-2026-Baseline-GPT2-Strict-Small,ar,Aran,mother,0.3963507804277953,0.4076088770644482,0.38651949117738493,1079,503,576
BabyLM-2026-Baseline-GPT2-Strict-Small,ar,Aran,child,0.4055800107322133,0.3960732758826247,0.411023082450017,802,292,510
BabyLM-2026-Baseline-GPT2-Strict-Small,ar,Anne,mother,0.3277247928526448,0.31580890010698176,0.33903958715119725,657,320,337
BabyLM-2026-Baseline-GPT2-Strict-Small,ar,Anne,child,0.3368991215001414,0.2904344669299803,0.3737044571990862,500,221,279
BabyLM-2026-Baseline-GPT2-Strict-Small,ar,John,mother,0.372039820343916,0.34841250454278094,0.39295719311409644,526,247,279
BabyLM-2026-Baseline-GPT2-Strict-Small,ar,John,child,0.43098622193012337,0.41918225671926285,0.4383030633793213,473,181,292
BabyLM-2026-Baseline-GPT2-Strict-Small,ar,Nicole,mother,0.36820880611163836,0.37086838907475456,0.3594117240028692,280,215,65
BabyLM-2026-Baseline-GPT2-Strict-Small,ar,Nicole,child,0.36309726371130596,0.3646743503270726,0.3608302017011414,234,138,96
BabyLM-2026-Baseline-GPT2-Strict-Small,ar,Warren,mother,0.37146452939305075,0.36981538007274994,0.3731489924032937,944,477,467
BabyLM-2026-Baseline-GPT2-Strict-Small,ar,Warren,child,0.38891508722517554,0.37767967825912047,0.39580555288013897,826,314,512
baby-llama-58m,ar,Gail,mother,0.215359415536411,0.24328869223665636,0.16178080309104237,286,188,98
baby-llama-58m,ar,Gail,child,0.26272792411774276,0.23046224585346842,0.30817742790935515,224,131,93
baby-llama-58m,ar,Dominic,child,0.3122506306765347,0.322274188820656,0.2914875459494265,172,116,56
baby-llama-58m,ar,Dominic,mother,0.23527566710295367,0.23038313186442086,0.2528171958850102,188,147,41
baby-llama-58m,ar,Becky,mother,0.20537776474542743,0.21816829213390287,0.18068589101687332,548,361,187
baby-llama-58m,ar,Becky,child,0.24133509802387496,0.2532937147588444,0.22513310115714213,438,252,186
baby-llama-58m,ar,Liz,mother,0.1979806812310784,0.20403302428257494,0.1859201728145925,410,273,137
baby-llama-58m,ar,Liz,child,0.20968100113032614,0.22124254286452888,0.19359860012826205,373,217,156
baby-llama-58m,ar,Carl,mother,0.20074556124861398,0.23328546780307585,0.1748763355378168,1077,477,600
baby-llama-58m,ar,Carl,child,0.29562322460752544,0.362537985130329,0.24026402513886067,910,412,498
baby-llama-58m,ar,Joel,child,0.20409006154514445,0.212161514654792,0.1950355468388091,331,175,156
baby-llama-58m,ar,Joel,mother,0.15429134377848416,0.1693866339800636,0.12987249198181158,445,275,170
baby-llama-58m,ar,Ruth,mother,0.15618318738266793,0.16179985132830724,0.14905961359795464,372,208,164
baby-llama-58m,ar,Ruth,child,0.32732118822335254,0.3422053977038839,0.31376228506643006,279,133,146
baby-llama-58m,ar,Aran,mother,0.17331641608126788,0.2043706842089441,0.14619784512949505,1079,503,576
baby-llama-58m,ar,Aran,child,0.2985561243840459,0.3758666219511291,0.25429207479661786,802,292,510
baby-llama-58m,ar,Anne,mother,0.15076239452575227,0.1892474709944421,0.11421870173649187,657,320,337
baby-llama-58m,ar,Anne,child,0.2209861411094414,0.2386481866214418,0.2069957753096132,500,221,279
baby-llama-58m,ar,John,mother,0.26869554124476097,0.3459828914158008,0.20027269001806977,526,247,279
baby-llama-58m,ar,John,child,0.3415870648403048,0.36482738799699743,0.32718124808906734,473,181,292
baby-llama-58m,ar,Nicole,mother,0.1900108336064747,0.2009124935926179,0.15395149672923192,280,215,65
baby-llama-58m,ar,Nicole,child,0.25743995715386275,0.290993730015139,0.20920640866577822,234,138,96
baby-llama-58m,ar,Warren,mother,0.2530057691422404,0.3290103617603169,0.17537366918758843,944,477,467
baby-llama-58m,ar,Warren,child,0.27522182913075116,0.3233396401953326,0.24571207781380078,826,314,512
babyllama-100m-2024,ar,Gail,mother,0.19129817195319074,0.21557747788733492,0.14472154424279168,286,188,98
babyllama-100m-2024,ar,Gail,child,0.23777359204312962,0.17616201104193877,0.32455979753943065,224,131,93
babyllama-100m-2024,ar,Dominic,child,0.2606692603425166,0.18919533722749665,0.40872238679505785,172,116,56
babyllama-100m-2024,ar,Dominic,mother,0.2578722692524769,0.265644962568961,0.23000432004459517,188,147,41
babyllama-100m-2024,ar,Becky,mother,0.18623487300260938,0.19365905086291402,0.17190263659849186,548,361,187
babyllama-100m-2024,ar,Becky,child,0.22349625910354892,0.16867768047928255,0.2977665914332001,438,252,186
babyllama-100m-2024,ar,Liz,mother,0.1849872477198334,0.19797761481130552,0.15910133373463708,410,273,137
babyllama-100m-2024,ar,Liz,child,0.20011658690137782,0.17076451464799214,0.24094607202307453,373,217,156
babyllama-100m-2024,ar,Carl,mother,0.1982780884389105,0.23446121365378114,0.16951250389308836,1077,477,600
babyllama-100m-2024,ar,Carl,child,0.29089081571298014,0.2986462880214024,0.28447464183532956,910,412,498
babyllama-100m-2024,ar,Joel,child,0.18201277633398175,0.14453814183003846,0.2240516291428925,331,175,156
babyllama-100m-2024,ar,Joel,mother,0.14263616752468827,0.15498354059824898,0.12266247578804594,445,275,170
babyllama-100m-2024,ar,Ruth,mother,0.15890209098630345,0.16445810281965306,0.15185544183181124,372,208,164
babyllama-100m-2024,ar,Ruth,child,0.303523377313999,0.21784587799885874,0.3815720581969691,279,133,146
babyllama-100m-2024,ar,Aran,mother,0.17666067573330038,0.24355751812344606,0.11824207899329466,1079,503,576
babyllama-100m-2024,ar,Aran,child,0.3100738452604982,0.28870065786843685,0.3223110427477176,802,292,510
babyllama-100m-2024,ar,Anne,mother,0.14578794634833425,0.20543113877519587,0.08915346095784252,657,320,337
babyllama-100m-2024,ar,Anne,child,0.2068476560441785,0.16675551093963142,0.23860523334921405,500,221,279
babyllama-100m-2024,ar,John,mother,0.2615224176486104,0.3572593357746095,0.176766077945665,526,247,279
babyllama-100m-2024,ar,John,child,0.34336025069462955,0.2964469716567889,0.37244005722151025,473,181,292
babyllama-100m-2024,ar,Nicole,mother,0.1794913509002757,0.19746012564284332,0.1200561729056291,280,215,65
babyllama-100m-2024,ar,Nicole,child,0.2374817756957761,0.14746088445163225,0.366886806859233,234,138,96
babyllama-100m-2024,ar,Warren,mother,0.25843938536235644,0.36315496536068187,0.1514815017238098,944,477,467
babyllama-100m-2024,ar,Warren,child,0.27362023702450405,0.27824492005027956,0.27078400563760274,826,314,512
babyllama-10m-2024,ar,Gail,mother,0.19859789855570095,0.2313353374325167,0.13579546479201357,286,188,98
babyllama-10m-2024,ar,Gail,child,0.2515380270663989,0.1945684976059398,0.3317854287795186,224,131,93
babyllama-10m-2024,ar,Dominic,child,0.25901008597610425,0.2129893967976086,0.3543386564172738,172,116,56
babyllama-10m-2024,ar,Dominic,mother,0.2544515322136676,0.27084121285072643,0.19568853090518865,188,147,41
babyllama-10m-2024,ar,Becky,mother,0.18438638793282594,0.200373418789319,0.15352372408686885,548,361,187
babyllama-10m-2024,ar,Becky,child,0.21864174964668154,0.17560312246762597,0.2769521477602407,438,252,186
babyllama-10m-2024,ar,Liz,mother,0.1771338214294336,0.1938274839138469,0.14386834801158802,410,273,137
babyllama-10m-2024,ar,Liz,child,0.207979104354993,0.1912923549946856,0.23119080058054875,373,217,156
babyllama-10m-2024,ar,Carl,mother,0.18920723724070448,0.22256700529952603,0.16268622163394136,1077,477,600
babyllama-10m-2024,ar,Carl,child,0.2943996551344902,0.30183108759047605,0.2882515624198994,910,412,498
babyllama-10m-2024,ar,Joel,child,0.1868572835525317,0.1587436220022298,0.21839504490703704,331,175,156
babyllama-10m-2024,ar,Joel,mother,0.14116957846346379,0.15335284774740182,0.12146134873944632,445,275,170
babyllama-10m-2024,ar,Ruth,mother,0.15593911862558615,0.16682114742636292,0.14213752112216196,372,208,164
babyllama-10m-2024,ar,Ruth,child,0.30546215964847334,0.2582049770277283,0.3485115109399739,279,133,146
babyllama-10m-2024,ar,Aran,mother,0.17497370874521015,0.24717090988906873,0.1119265001074309,1079,503,576
babyllama-10m-2024,ar,Aran,child,0.3018076866749546,0.31908984025920645,0.2919128065835791,802,292,510
babyllama-10m-2024,ar,Anne,mother,0.1486096727868345,0.2151705898524622,0.08540642809543732,657,320,337
babyllama-10m-2024,ar,Anne,child,0.2091574943452222,0.17249895830616221,0.238195259451431,500,221,279
babyllama-10m-2024,ar,John,mother,0.260741796246128,0.3813532594251996,0.15396390590479933,526,247,279
babyllama-10m-2024,ar,John,child,0.34293635912388026,0.30954431667581567,0.36363485118929006,473,181,292
babyllama-10m-2024,ar,Nicole,mother,0.19223564816528949,0.21275138173620595,0.12437591404610428,280,215,65
babyllama-10m-2024,ar,Nicole,child,0.23397125191627985,0.16609610405813025,0.3315417769623698,234,138,96
babyllama-10m-2024,ar,Warren,mother,0.2555181292711035,0.3680191421044103,0.14060810117370018,944,477,467
babyllama-10m-2024,ar,Warren,child,0.2682918867064738,0.2751614169189232,0.26407893263087007,826,314,512
babylm-baseline-100m-gpt-bert-causal-focus,ar,Gail,mother,0.20392307894148096,0.22643423567764484,0.16073841091700336,286,188,98
babylm-baseline-100m-gpt-bert-causal-focus,ar,Gail,child,0.24044544688075048,0.19171875770551514,0.30908196604156596,224,131,93
babylm-baseline-100m-gpt-bert-causal-focus,ar,Dominic,child,0.25473584841008295,0.18323242737747678,0.4028500776919101,172,116,56
babylm-baseline-100m-gpt-bert-causal-focus,ar,Dominic,mother,0.2599388438037792,0.263596803843109,0.2468237187847185,188,147,41
babylm-baseline-100m-gpt-bert-causal-focus,ar,Becky,mother,0.19656690167554464,0.20756925935986165,0.17532705609245147,548,361,187
babylm-baseline-100m-gpt-bert-causal-focus,ar,Becky,child,0.21193248785740054,0.1689383779875324,0.27018257219722186,438,252,186
babylm-baseline-100m-gpt-bert-causal-focus,ar,Liz,mother,0.1861795616105034,0.19920144655158883,0.1602308419833769,410,273,137
babylm-baseline-100m-gpt-bert-causal-focus,ar,Liz,child,0.18843658737732596,0.1495309839270379,0.24255527935625226,373,217,156
babylm-baseline-100m-gpt-bert-causal-focus,ar,Carl,mother,0.2072048439606401,0.2511659124161679,0.17225579453849543,1077,477,600
babylm-baseline-100m-gpt-bert-causal-focus,ar,Carl,child,0.28253877357757035,0.34501731016402143,0.23084970314861886,910,412,498
babylm-baseline-100m-gpt-bert-causal-focus,ar,Joel,child,0.1759600226339468,0.15017493267355975,0.20488560432027844,331,175,156
babylm-baseline-100m-gpt-bert-causal-focus,ar,Joel,mother,0.14141128570433834,0.15214248845611866,0.1240519871352819,445,275,170
babylm-baseline-100m-gpt-bert-causal-focus,ar,Ruth,mother,0.16111271076091294,0.17319100934100806,0.14579389304957271,372,208,164
babylm-baseline-100m-gpt-bert-causal-focus,ar,Ruth,child,0.29378991181042297,0.2388473146870575,0.3438403598748587,279,133,146
babylm-baseline-100m-gpt-bert-causal-focus,ar,Aran,mother,0.17735418844483897,0.2452534470789663,0.11806021779732839,1079,503,576
babylm-baseline-100m-gpt-bert-causal-focus,ar,Aran,child,0.28876901649080083,0.28912577937691036,0.28856475225012634,802,292,510
babylm-baseline-100m-gpt-bert-causal-focus,ar,Anne,mother,0.1481743672798387,0.21213023328071,0.08744476158168199,657,320,337
babylm-baseline-100m-gpt-bert-causal-focus,ar,Anne,child,0.201240767532383,0.19030081456363301,0.20990646504526383,500,221,279
babylm-baseline-100m-gpt-bert-causal-focus,ar,John,mother,0.2606012236060224,0.36436505758934623,0.16873861789318728,526,247,279
babylm-baseline-100m-gpt-bert-causal-focus,ar,John,child,0.3282914465200851,0.324675723084683,0.3305326997454541,473,181,292
babylm-baseline-100m-gpt-bert-causal-focus,ar,Nicole,mother,0.18696142338662872,0.20440640306695107,0.1292587982901776,280,215,65
babylm-baseline-100m-gpt-bert-causal-focus,ar,Nicole,child,0.2324454785879599,0.14394498985325282,0.35966493114410136,234,138,96
babylm-baseline-100m-gpt-bert-causal-focus,ar,Warren,mother,0.2674131888302475,0.3747631295449898,0.15776453418157074,944,477,467
babylm-baseline-100m-gpt-bert-causal-focus,ar,Warren,child,0.26383999212753095,0.2891346816106453,0.2483272333429647,826,314,512
babylm-baseline-100m-gpt-bert-mixed,ar,Gail,mother,0.19557769555735005,0.21130031875695224,0.16541592860301127,286,188,98
babylm-baseline-100m-gpt-bert-mixed,ar,Gail,child,0.23312490894935123,0.17535273579679592,0.31450291629327326,224,131,93
babylm-baseline-100m-gpt-bert-mixed,ar,Dominic,child,0.24705980466355676,0.18031658481233728,0.38531361721251145,172,116,56
babylm-baseline-100m-gpt-bert-mixed,ar,Dominic,mother,0.24056676496526874,0.2418223673955895,0.236064970885826,188,147,41
babylm-baseline-100m-gpt-bert-mixed,ar,Becky,mother,0.18621037359860132,0.19052881947481076,0.17787369466110617,548,361,187
babylm-baseline-100m-gpt-bert-mixed,ar,Becky,child,0.225300002080778,0.17622040207573977,0.2917949440230879,438,252,186
babylm-baseline-100m-gpt-bert-mixed,ar,Liz,mother,0.1811806824409358,0.18662045459572654,0.1703408444974477,410,273,137
babylm-baseline-100m-gpt-bert-mixed,ar,Liz,child,0.19717462109983064,0.1663633970594689,0.24003382377135943,373,217,156
babylm-baseline-100m-gpt-bert-mixed,ar,Carl,mother,0.2041868975111872,0.2453928377385703,0.17142817503041766,1077,477,600
babylm-baseline-100m-gpt-bert-mixed,ar,Carl,child,0.2875266036480494,0.3253715150841267,0.2562171588455116,910,412,498
babylm-baseline-100m-gpt-bert-mixed,ar,Joel,child,0.17838489538299251,0.14772899683343424,0.21277452516615086,331,175,156
babylm-baseline-100m-gpt-bert-mixed,ar,Joel,mother,0.13984986749967976,0.14080790111973623,0.13830010723194136,445,275,170
babylm-baseline-100m-gpt-bert-mixed,ar,Ruth,mother,0.16002684785789384,0.1674936085494794,0.15055680990759024,372,208,164
babylm-baseline-100m-gpt-bert-mixed,ar,Ruth,child,0.29330635822834006,0.2399652266965785,0.34189793695247905,279,133,146
babylm-baseline-100m-gpt-bert-mixed,ar,Aran,mother,0.17838561396857905,0.2441458691985574,0.12095955775212225,1079,503,576
babylm-baseline-100m-gpt-bert-mixed,ar,Aran,child,0.29474152323260866,0.30392310849666865,0.2894846155912253,802,292,510
babylm-baseline-100m-gpt-bert-mixed,ar,Anne,mother,0.14672751516037963,0.2027262098566895,0.0935536804339133,657,320,337
babylm-baseline-100m-gpt-bert-mixed,ar,Anne,child,0.21325346542610002,0.17823572992900916,0.2409915283108924,500,221,279
babylm-baseline-100m-gpt-bert-mixed,ar,John,mother,0.26905015652776476,0.3633772841435249,0.18554191093245018,526,247,279
babylm-baseline-100m-gpt-bert-mixed,ar,John,child,0.33421689552100564,0.32476180549337663,0.34007775612032365,473,181,292
babylm-baseline-100m-gpt-bert-mixed,ar,Nicole,mother,0.18161056459842106,0.20017816344751377,0.12019466071296062,280,215,65
babylm-baseline-100m-gpt-bert-mixed,ar,Nicole,child,0.233128997544258,0.1482827766952929,0.3550954400146453,234,138,96
babylm-baseline-100m-gpt-bert-mixed,ar,Warren,mother,0.2666797519315029,0.37028581134097055,0.16085514735266765,944,477,467
babylm-baseline-100m-gpt-bert-mixed,ar,Warren,child,0.2692571456946216,0.2846038215297322,0.25984531715512027,826,314,512
babylm-baseline-100m-gpt2,ar,Gail,mother,0.3591165057331013,0.2763353233743668,0.5179212229110816,286,188,98
babylm-baseline-100m-gpt2,ar,Gail,child,0.3683611942940156,0.22670576109574614,0.5678973421324381,224,131,93
babylm-baseline-100m-gpt2,ar,Dominic,child,0.353213624222828,0.21013969755026324,0.6495810437588551,172,116,56
babylm-baseline-100m-gpt2,ar,Dominic,mother,0.29377799756143846,0.24095642201409015,0.4831626708653461,188,147,41
babylm-baseline-100m-gpt2,ar,Becky,mother,0.3313769009440057,0.23767244280825195,0.5122716035483217,548,361,187
babylm-baseline-100m-gpt2,ar,Becky,child,0.3832056149714922,0.23200792271342904,0.5880541012566101,438,252,186
babylm-baseline-100m-gpt2,ar,Liz,mother,0.3378910690470287,0.24707123982956358,0.5188678090205177,410,273,137
babylm-baseline-100m-gpt2,ar,Liz,child,0.3686615334231201,0.23231516200871005,0.5583228321213698,373,217,156
babylm-baseline-100m-gpt2,ar,Carl,mother,0.39784391475354025,0.2567110020910929,0.5100445803201858,1077,477,600
babylm-baseline-100m-gpt2,ar,Carl,child,0.41950047875597973,0.23356574702294158,0.5733259997881318,910,412,498
babylm-baseline-100m-gpt2,ar,Joel,child,0.3713304429411362,0.26178597606933773,0.49421686411142307,331,175,156
babylm-baseline-100m-gpt2,ar,Joel,mother,0.32761158510837823,0.26661084564832654,0.4262892518819913,445,275,170
babylm-baseline-100m-gpt2,ar,Ruth,mother,0.3548799645905106,0.2569642476051863,0.47906575198653134,372,208,164
babylm-baseline-100m-gpt2,ar,Ruth,child,0.42241166273914516,0.22378349396698777,0.603353761689124,279,133,146
babylm-baseline-100m-gpt2,ar,Aran,mother,0.400500910160293,0.2767653876192436,0.5085546737681885,1079,503,576
babylm-baseline-100m-gpt2,ar,Aran,child,0.4779840140826414,0.2525584172977289,0.607051218516356,802,292,510
babylm-baseline-100m-gpt2,ar,Anne,mother,0.367735522137225,0.28606396577343834,0.4452871483580313,657,320,337
babylm-baseline-100m-gpt2,ar,Anne,child,0.40354091796857755,0.25264801149415,0.5230654066096114,500,221,279
babylm-baseline-100m-gpt2,ar,John,mother,0.42290994797436493,0.2993690360150913,0.5322812929705677,526,247,279
babylm-baseline-100m-gpt2,ar,John,child,0.45903996294302235,0.2575683708330708,0.5839247512029581,473,181,292
babylm-baseline-100m-gpt2,ar,Nicole,mother,0.32329637081692386,0.2711299134673013,0.49584696051182947,280,215,65
babylm-baseline-100m-gpt2,ar,Nicole,child,0.38811817700678436,0.21218554699926714,0.6410213326425904,234,138,96
babylm-baseline-100m-gpt2,ar,Warren,mother,0.4021605245309254,0.3066354848797495,0.49973106824315433,944,477,467
babylm-baseline-100m-gpt2,ar,Warren,child,0.45057266015760916,0.25087044076773807,0.5730462868928035,826,314,512
babylm-baseline-10m-gpt-bert-causal-focus,ar,Gail,mother,0.21269273716092899,0.23785921717258834,0.16441418366917432,286,188,98
babylm-baseline-10m-gpt-bert-causal-focus,ar,Gail,child,0.250549727800742,0.22705621776744733,0.2836427365573182,224,131,93
babylm-baseline-10m-gpt-bert-causal-focus,ar,Dominic,child,0.27228363280286294,0.2179476403121009,0.38483676010515566,172,116,56
babylm-baseline-10m-gpt-bert-causal-focus,ar,Dominic,mother,0.25272212444461145,0.2634763200645702,0.21416439868524706,188,147,41
babylm-baseline-10m-gpt-bert-causal-focus,ar,Becky,mother,0.20570028186828673,0.22664581612122292,0.16526532002170938,548,361,187
babylm-baseline-10m-gpt-bert-causal-focus,ar,Becky,child,0.23205636731785786,0.19910103921067884,0.2767055215275844,438,252,186
babylm-baseline-10m-gpt-bert-causal-focus,ar,Liz,mother,0.1937806110910328,0.21085764868003917,0.1597511858224289,410,273,137
babylm-baseline-10m-gpt-bert-causal-focus,ar,Liz,child,0.21265142991528174,0.18664088324437536,0.24883276727160664,373,217,156
babylm-baseline-10m-gpt-bert-causal-focus,ar,Carl,mother,0.20299235517180597,0.23716691037322551,0.17582358378667748,1077,477,600
babylm-baseline-10m-gpt-bert-causal-focus,ar,Carl,child,0.30247842644942624,0.31798639571468773,0.28964854022997283,910,412,498
babylm-baseline-10m-gpt-bert-causal-focus,ar,Joel,child,0.18928421295637285,0.17021821323811978,0.21067235366595155,331,175,156
babylm-baseline-10m-gpt-bert-causal-focus,ar,Joel,mother,0.15633563542585283,0.16920630093737862,0.13551544121603168,445,275,170
babylm-baseline-10m-gpt-bert-causal-focus,ar,Ruth,mother,0.1754726419789089,0.17936369732277604,0.17053764495741883,372,208,164
babylm-baseline-10m-gpt-bert-causal-focus,ar,Ruth,child,0.3239127110863113,0.2848053036375151,0.35953795211843387,279,133,146
babylm-baseline-10m-gpt-bert-causal-focus,ar,Aran,mother,0.17848555033139246,0.23742573778530598,0.12701521302354787,1079,503,576
babylm-baseline-10m-gpt-bert-causal-focus,ar,Aran,child,0.30963435064428024,0.2931645812174576,0.31906410098277477,802,292,510
babylm-baseline-10m-gpt-bert-causal-focus,ar,Anne,mother,0.16070694284947415,0.23144596926623615,0.09353635396708884,657,320,337
babylm-baseline-10m-gpt-bert-causal-focus,ar,Anne,child,0.22073009618282402,0.19404582843144652,0.24186709680309076,500,221,279
babylm-baseline-10m-gpt-bert-causal-focus,ar,John,mother,0.2769559353244456,0.38627233725836496,0.18017761533276783,526,247,279
babylm-baseline-10m-gpt-bert-causal-focus,ar,John,child,0.3459810686781228,0.31748926392577215,0.3636420846376277,473,181,292
babylm-baseline-10m-gpt-bert-causal-focus,ar,Nicole,mother,0.2001227873113613,0.22191810580349883,0.12803057999121406,280,215,65
babylm-baseline-10m-gpt-bert-causal-focus,ar,Nicole,child,0.2622637696240703,0.1916260636451931,0.3638054719687063,234,138,96
babylm-baseline-10m-gpt-bert-causal-focus,ar,Warren,mother,0.2666910748352392,0.3791597341975066,0.15181409300268767,944,477,467
babylm-baseline-10m-gpt-bert-causal-focus,ar,Warren,child,0.2818061101663262,0.2730589217918906,0.2871705967865855,826,314,512
babylm-baseline-10m-gpt-bert-mixed,ar,Gail,mother,0.20784218783469258,0.2310379950072467,0.16334410876897645,286,188,98
babylm-baseline-10m-gpt-bert-mixed,ar,Gail,child,0.243641050901337,0.1887917161249041,0.3209019418229791,224,131,93
babylm-baseline-10m-gpt-bert-mixed,ar,Dominic,child,0.2658611332572837,0.22154936205844064,0.3576498021691729,172,116,56
babylm-baseline-10m-gpt-bert-mixed,ar,Dominic,mother,0.26648508602889454,0.2804028140944387,0.21658493906218776,188,147,41
babylm-baseline-10m-gpt-bert-mixed,ar,Becky,mother,0.20798523374307215,0.2271845127831246,0.17092138490104586,548,361,187
babylm-baseline-10m-gpt-bert-mixed,ar,Becky,child,0.24482546016135254,0.20654670491836194,0.2966869995228237,438,252,186
babylm-baseline-10m-gpt-bert-mixed,ar,Liz,mother,0.1972588035473396,0.2124722895003972,0.1669428789839475,410,273,137
babylm-baseline-10m-gpt-bert-mixed,ar,Liz,child,0.21684331489767078,0.19063289289756308,0.2533026839619231,373,217,156
babylm-baseline-10m-gpt-bert-mixed,ar,Carl,mother,0.19473510140401826,0.2302279768727664,0.1665182654063635,1077,477,600
babylm-baseline-10m-gpt-bert-mixed,ar,Carl,child,0.30011893385172916,0.3012056235952827,0.299219905389191,910,412,498
babylm-baseline-10m-gpt-bert-mixed,ar,Joel,child,0.19354626162821642,0.18527419812421636,0.20282582004616523,331,175,156
babylm-baseline-10m-gpt-bert-mixed,ar,Joel,mother,0.15156639985358117,0.1748209594561915,0.11394872990818214,445,275,170
babylm-baseline-10m-gpt-bert-mixed,ar,Ruth,mother,0.16499198195491743,0.16548995376872094,0.16436040794716664,372,208,164
babylm-baseline-10m-gpt-bert-mixed,ar,Ruth,child,0.3079823320851402,0.23708081068585968,0.3725707043187315,279,133,146
babylm-baseline-10m-gpt-bert-mixed,ar,Aran,mother,0.17422716010268874,0.2426917308398776,0.11443952280962283,1079,503,576
babylm-baseline-10m-gpt-bert-mixed,ar,Aran,child,0.2994207884422749,0.2961678965621059,0.3012832284991559,802,292,510
babylm-baseline-10m-gpt-bert-mixed,ar,Anne,mother,0.15528810496719367,0.221957826499294,0.09198154446193521,657,320,337
babylm-baseline-10m-gpt-bert-mixed,ar,Anne,child,0.2328134314079157,0.20592228819780492,0.2541143011191504,500,221,279
babylm-baseline-10m-gpt-bert-mixed,ar,John,mother,0.26401259668089394,0.37215330452124784,0.16827512414839418,526,247,279
babylm-baseline-10m-gpt-bert-mixed,ar,John,child,0.3427007330862727,0.30251207539317104,0.3676121955604213,473,181,292
babylm-baseline-10m-gpt-bert-mixed,ar,Nicole,mother,0.20574647848707933,0.23532628402492026,0.10790558324652864,280,215,65
babylm-baseline-10m-gpt-bert-mixed,ar,Nicole,child,0.2552741307483453,0.19262923135622517,0.34532617362451806,234,138,96
babylm-baseline-10m-gpt-bert-mixed,ar,Warren,mother,0.2562482661680738,0.36527041103713015,0.14489159999561135,944,477,467
babylm-baseline-10m-gpt-bert-mixed,ar,Warren,child,0.2835553390769796,0.25590436194343347,0.3005131648971622,826,314,512
babylm-baseline-10m-gpt2,ar,Gail,mother,0.3446215168013476,0.26018054720487527,0.5066103156190701,286,188,98
babylm-baseline-10m-gpt2,ar,Gail,child,0.34490949313425645,0.1884523464364458,0.5652953664397747,224,131,93
babylm-baseline-10m-gpt2,ar,Dominic,child,0.35630108988033005,0.25998043710645824,0.5558224420547787,172,116,56
babylm-baseline-10m-gpt2,ar,Dominic,mother,0.28214079784129986,0.2310272048062905,0.46540172896682136,188,147,41
babylm-baseline-10m-gpt2,ar,Becky,mother,0.3359244694761943,0.2478762878159606,0.5058998362106563,548,361,187
babylm-baseline-10m-gpt2,ar,Becky,child,0.367476913002966,0.21763911038142933,0.5704829681676286,438,252,186
babylm-baseline-10m-gpt2,ar,Liz,mother,0.31417144898076965,0.2081912708781387,0.5253582272436765,410,273,137
babylm-baseline-10m-gpt2,ar,Liz,child,0.32634315017907717,0.17688387010028128,0.5342448410579151,373,217,156
babylm-baseline-10m-gpt2,ar,Carl,mother,0.39809927345540724,0.24213690514054434,0.5220893562657233,1077,477,600
babylm-baseline-10m-gpt2,ar,Carl,child,0.41914103077661724,0.27224509939470953,0.5406693916789185,910,412,498
babylm-baseline-10m-gpt2,ar,Joel,child,0.35199797156893076,0.21093169191420258,0.5102454006687859,331,175,156
babylm-baseline-10m-gpt2,ar,Joel,mother,0.31318909290088687,0.22803610872256536,0.45093656730699516,445,275,170
babylm-baseline-10m-gpt2,ar,Ruth,mother,0.36124473159715226,0.2527664427866484,0.4988269515519378,372,208,164
babylm-baseline-10m-gpt2,ar,Ruth,child,0.4322541227631178,0.2846632011988807,0.5667033869277996,279,133,146
babylm-baseline-10m-gpt2,ar,Aran,mother,0.3884344273023013,0.25175602756230314,0.5077907381863622,1079,503,576
babylm-baseline-10m-gpt2,ar,Aran,child,0.43883503039506394,0.25164912026851544,0.5460081397224211,802,292,510
babylm-baseline-10m-gpt2,ar,Anne,mother,0.34042627394529856,0.20148608127159987,0.4723576141695823,657,320,337
babylm-baseline-10m-gpt2,ar,Anne,child,0.3639582035668859,0.18253571882739428,0.5076656197942252,500,221,279
babylm-baseline-10m-gpt2,ar,John,mother,0.4234137998267592,0.28291168342406187,0.5478009781474267,526,247,279
babylm-baseline-10m-gpt2,ar,John,child,0.4758338114990699,0.28078539514909034,0.5967371106749135,473,181,292
babylm-baseline-10m-gpt2,ar,Nicole,mother,0.29524674286868396,0.23313702415551443,0.500686581689168,280,215,65
babylm-baseline-10m-gpt2,ar,Nicole,child,0.3635560233230515,0.2252122743401037,0.5624251624860389,234,138,96
babylm-baseline-10m-gpt2,ar,Warren,mother,0.38639382820506285,0.2733575492624496,0.5018505842128284,944,477,467
babylm-baseline-10m-gpt2,ar,Warren,child,0.43021533423639047,0.24310607834681283,0.5449659325749205,826,314,512
gpt2,ar,Gail,mother,0.20700270596830117,0.2123391931344141,0.1967653632414723,286,188,98
gpt2,ar,Gail,child,0.2605373107374798,0.2310727062917476,0.3020412159244791,224,131,93
gpt2,ar,Dominic,child,0.2758631351850437,0.24316069147662264,0.3436039114382016,172,116,56
gpt2,ar,Dominic,mother,0.23774119445821829,0.23023810391758956,0.26464251907949693,188,147,41
gpt2,ar,Becky,mother,0.19851524416050442,0.19570219595432023,0.20394578107190822,548,361,187
gpt2,ar,Becky,child,0.22414425080194875,0.2194850986589841,0.2304566504795138,438,252,186
gpt2,ar,Liz,mother,0.20392371341636106,0.2058876390811594,0.2000101973105951,410,273,137
gpt2,ar,Liz,child,0.20461382048645768,0.18458871453321465,0.23246925633167387,373,217,156
gpt2,ar,Carl,mother,0.2034263059953093,0.22178304061844129,0.1888327019699194,1077,477,600
gpt2,ar,Carl,child,0.2870541524409571,0.3509746450584205,0.23417213846827656,910,412,498
gpt2,ar,Joel,child,0.18582783396371844,0.18384205356422886,0.18805547223237662,331,175,156
gpt2,ar,Joel,mother,0.14461366081594826,0.14509140861451447,0.1438408334947381,445,275,170
gpt2,ar,Ruth,mother,0.1609946147948472,0.156087523820267,0.1672182423723635,372,208,164
gpt2,ar,Ruth,child,0.28706154775932213,0.25389851866794905,0.3172717043973537,279,133,146
gpt2,ar,Aran,mother,0.17173572754146577,0.22974630720004321,0.12107718315211773,1079,503,576
gpt2,ar,Aran,child,0.26632950906761543,0.3150957308718343,0.23840845658363133,802,292,510
gpt2,ar,Anne,mother,0.14975727205381328,0.19425216854245392,0.10750692523967383,657,320,337
gpt2,ar,Anne,child,0.20346443641831194,0.20451864064281342,0.2026293857601943,500,221,279
gpt2,ar,John,mother,0.25919615708372634,0.34002963628033905,0.18763390130751365,526,247,279
gpt2,ar,John,child,0.32722211524510497,0.3527554287203884,0.3113949586046039,473,181,292
gpt2,ar,Nicole,mother,0.19650457290350412,0.20975253136334132,0.15268440261327335,280,215,65
gpt2,ar,Nicole,child,0.2285361890968815,0.19903532249938977,0.27094368483077585,234,138,96
gpt2,ar,Warren,mother,0.2519238116968017,0.3315152457340918,0.17062806429682875,944,477,467
gpt2,ar,Warren,child,0.27166955588649927,0.31398780326997994,0.24571656823334898,826,314,512
opt-125m,ar,Gail,mother,0.20527870113787558,0.23181060680710938,0.15438075964995776,286,188,98
opt-125m,ar,Gail,child,0.23881646652622868,0.21007034910756733,0.2793083093417624,224,131,93
opt-125m,ar,Dominic,child,0.2820272305762866,0.2585022282329438,0.33075759257321097,172,116,56
opt-125m,ar,Dominic,mother,0.25318690937280486,0.2509056244351492,0.26136615049074124,188,147,41
opt-125m,ar,Becky,mother,0.20114961506844675,0.21003064652295667,0.18400495006802914,548,361,187
opt-125m,ar,Becky,child,0.21621704185286378,0.20850118198009085,0.22667078748694322,438,252,186
opt-125m,ar,Liz,mother,0.19490939286902983,0.20455447522511322,0.17568963021785636,410,273,137
opt-125m,ar,Liz,child,0.19571363848894033,0.18273337150499222,0.2137695226909707,373,217,156
opt-125m,ar,Carl,mother,0.20626475065505945,0.24802596511988237,0.1730645851555253,1077,477,600
opt-125m,ar,Carl,child,0.2843954026376816,0.34876693399490144,0.23114024014937914,910,412,498
opt-125m,ar,Joel,child,0.18212864585238836,0.18703724369235544,0.1766222059678099,331,175,156
opt-125m,ar,Joel,mother,0.14643598402795305,0.144590726210329,0.14942095990940374,445,275,170
opt-125m,ar,Ruth,mother,0.15800849494262123,0.15947236754770186,0.15615187602886044,372,208,164
opt-125m,ar,Ruth,child,0.30290315428882536,0.2759110857205961,0.3274918194913904,279,133,146
opt-125m,ar,Aran,mother,0.17106477182372837,0.23026034534661616,0.11937141508412324,1079,503,576
opt-125m,ar,Aran,child,0.2716376767617066,0.3130874904168847,0.24790562659050658,802,292,510
opt-125m,ar,Anne,mother,0.14208650555454636,0.18822384149797572,0.09827657231449474,657,320,337
opt-125m,ar,Anne,child,0.20921203655378418,0.20270529014731437,0.21436612600120292,500,221,279
opt-125m,ar,John,mother,0.26097884542134175,0.3477740833850532,0.18413861682981236,526,247,279
opt-125m,ar,John,child,0.3180847063429805,0.34286431441871024,0.3027247438028879,473,181,292
opt-125m,ar,Nicole,mother,0.17978423298183885,0.19705544997259256,0.12265636139703817,280,215,65
opt-125m,ar,Nicole,child,0.23585635676573222,0.2123712642609382,0.26961617724137366,234,138,96
opt-125m,ar,Warren,mother,0.25478154587189067,0.34246415644106426,0.16522136334192097,944,477,467
opt-125m,ar,Warren,child,0.2712029328619302,0.302681265315639,0.25189786178680407,826,314,512
opt-125m-strict-2023,ar,Gail,mother,0.515313593057368,0.7300684345022412,0.10333491763250946,286,188,98
opt-125m-strict-2023,ar,Gail,child,0.44814867774895045,0.6761555339425872,0.12697772977726854,224,131,93
opt-125m-strict-2023,ar,Dominic,child,0.5875896056728925,0.8061075409052624,0.13494531126298412,172,116,56
opt-125m-strict-2023,ar,Dominic,mother,0.6207159293697109,0.766875122018068,0.09668175084999184,188,147,41
opt-125m-strict-2023,ar,Becky,mother,0.537055976373684,0.7628839595475019,0.10109928158358635,548,361,187
opt-125m-strict-2023,ar,Becky,child,0.48973268605705367,0.7555468612134042,0.1295973519742561,438,252,186
opt-125m-strict-2023,ar,Liz,mother,0.5052736745983347,0.7070554606260043,0.1031829622950224,410,273,137
opt-125m-strict-2023,ar,Liz,child,0.45195420421591703,0.6885948754059392,0.12278096288107858,373,217,156
opt-125m-strict-2023,ar,Carl,mother,0.38599170038139674,0.7385116172390439,0.10573836647956737,1077,477,600
opt-125m-strict-2023,ar,Carl,child,0.40736697787977694,0.7755964560893661,0.10272732924051842,910,412,498
opt-125m-strict-2023,ar,Joel,child,0.41516904592703596,0.7050598530068738,0.0899710251643973,331,175,156
opt-125m-strict-2023,ar,Joel,mother,0.4850899068577461,0.7300431237848329,0.0888420559462822,445,275,170
opt-125m-strict-2023,ar,Ruth,mother,0.44501117912334903,0.7012155283754233,0.12006907763291326,372,208,164
opt-125m-strict-2023,ar,Ruth,child,0.4193749832462977,0.7149868152815176,0.15008475269366583,279,133,146
opt-125m-strict-2023,ar,Aran,mother,0.38307760352409087,0.6354451784034778,0.1626941136554597,1079,503,576
opt-125m-strict-2023,ar,Aran,child,0.35107431117257765,0.6354903552100654,0.188232183998173,802,292,510
opt-125m-strict-2023,ar,Anne,mother,0.40982704370655715,0.737915556767338,0.09828898976160201,657,320,337
opt-125m-strict-2023,ar,Anne,child,0.3816737951279672,0.7247784296434099,0.10989557208885306,500,221,279
opt-125m-strict-2023,ar,John,mother,0.4001156038757531,0.7274571295618255,0.11031862593862099,526,247,279
opt-125m-strict-2023,ar,John,child,0.3779484255029421,0.7540095345502839,0.1448420531140076,473,181,292
opt-125m-strict-2023,ar,Nicole,mother,0.605182730298101,0.7629182648507974,0.08344211600841278,280,215,65
opt-125m-strict-2023,ar,Nicole,child,0.47907713503970395,0.7482166040346573,0.09218914835945853,234,138,96
opt-125m-strict-2023,ar,Warren,mother,0.4086088360019497,0.6933331906695378,0.11778760007809636,944,477,467
opt-125m-strict-2023,ar,Warren,child,0.3479921730928964,0.6780691916721903,0.14556212654231376,826,314,512
opt-125m-strict-small-2023,ar,Gail,mother,0.385550724912763,0.3913207573265889,0.3744816831393009,286,188,98
opt-125m-strict-small-2023,ar,Gail,child,0.36319438659945813,0.3112550217567793,0.43635628761441414,224,131,93
opt-125m-strict-small-2023,ar,Dominic,child,0.38315857374526624,0.36322625700127437,0.4244469441435353,172,116,56
opt-125m-strict-small-2023,ar,Dominic,mother,0.3696545264418111,0.3907388780811963,0.2940594120274302,188,147,41
opt-125m-strict-small-2023,ar,Becky,mother,0.3577300507839554,0.38172638009008714,0.3114055861876262,548,361,187
opt-125m-strict-small-2023,ar,Becky,child,0.38997134883975454,0.4049373868268418,0.36969478124434585,438,252,186
opt-125m-strict-small-2023,ar,Liz,mother,0.3387292211731196,0.3691554422424216,0.27809886823940083,410,273,137
opt-125m-strict-small-2023,ar,Liz,child,0.32981356023792385,0.33528155864448667,0.3222074342493076,373,217,156
opt-125m-strict-small-2023,ar,Carl,mother,0.3697544698209085,0.42816820957655044,0.3233155467151732,1077,477,600
opt-125m-strict-small-2023,ar,Carl,child,0.38141032284385107,0.46814284856939486,0.3096557031672968,910,412,498
opt-125m-strict-small-2023,ar,Joel,child,0.3296369480515894,0.3538752892505403,0.3024465011937919,331,175,156
opt-125m-strict-small-2023,ar,Joel,mother,0.31456119721946085,0.3720465467079181,0.22157019069401554,445,275,170
opt-125m-strict-small-2023,ar,Ruth,mother,0.33054779181387595,0.343538529845443,0.31407173382262027,372,208,164
opt-125m-strict-small-2023,ar,Ruth,child,0.39385282316098236,0.34957564671172564,0.43418751129626415,279,133,146
opt-125m-strict-small-2023,ar,Aran,mother,0.3471204300565533,0.41764490020375095,0.2855339569939831,1079,503,576
opt-125m-strict-small-2023,ar,Aran,child,0.36938332652884376,0.4375207965262684,0.3303712848832594,802,292,510
opt-125m-strict-small-2023,ar,Anne,mother,0.3121702605815655,0.3559462077333073,0.27060259563035666,657,320,337
opt-125m-strict-small-2023,ar,Anne,child,0.3169590175543162,0.3062055514588707,0.3254769960743644,500,221,279
opt-125m-strict-small-2023,ar,John,mother,0.3563145963269307,0.41833880806811996,0.3014042726707524,526,247,279
opt-125m-strict-small-2023,ar,John,child,0.41970152842556907,0.43947118471536895,0.4074470496979877,473,181,292
opt-125m-strict-small-2023,ar,Nicole,mother,0.35868024297007983,0.38148759867198995,0.2832405279560697,280,215,65
opt-125m-strict-small-2023,ar,Nicole,child,0.3774616114661724,0.33749703247393176,0.4349106937675183,234,138,96
opt-125m-strict-small-2023,ar,Warren,mother,0.35610924215128753,0.42092010878131236,0.2899105625313264,944,477,467
opt-125m-strict-small-2023,ar,Warren,child,0.3567478869476045,0.37934678435382824,0.3428884068976938,826,314,512
BabyBERTa-1,mlm,Gail,mother,0.3433120477197296,0.0027442348897473256,0.996646219271124,286,188,98
BabyBERTa-1,mlm,Gail,child,0.41536734631893285,0.003102771249802458,0.9960841133517936,224,131,93
BabyBERTa-1,mlm,Dominic,child,0.32682264352262413,0.003350134326587094,0.9968728411429864,172,116,56
BabyBERTa-1,mlm,Dominic,mother,0.21957166491975352,0.003044961326909026,0.9958991143867812,188,147,41
BabyBERTa-1,mlm,Becky,mother,0.3418424373476433,0.0028037482803679914,0.9963502809481053,548,361,187
BabyBERTa-1,mlm,Becky,child,0.4248624860944641,0.0029357731370437427,0.9965051294561305,438,252,186
BabyBERTa-1,mlm,Liz,mother,0.3346652205041636,0.0029401765795700964,0.9956939576677697,410,273,137
BabyBERTa-1,mlm,Liz,child,0.4182001439926649,0.0028188514178568895,0.9960061727665965,373,217,156
BabyBERTa-1,mlm,Carl,mother,0.55627096543636,0.0030157726735309137,0.9961088436828092,1077,477,600
BabyBERTa-1,mlm,Carl,child,0.546634265144169,0.0032294944749671614,0.996198051320296,910,412,498
BabyBERTa-1,mlm,Joel,child,0.4712763362195465,0.0031159544351987544,0.9964562516827573,331,175,156
BabyBERTa-1,mlm,Joel,mother,0.3821704768824908,0.0024351145397892853,0.9964482689074492,445,275,170
BabyBERTa-1,mlm,Ruth,mother,0.44090533013216265,0.002531122409317204,0.9968921301708935,372,208,164
BabyBERTa-1,mlm,Ruth,child,0.5228084478976839,0.002395751326397104,0.9968830276509794,279,133,146
BabyBERTa-1,mlm,Aran,mother,0.5332194457920553,0.002930031917636934,0.9963020415886393,1079,503,576
BabyBERTa-1,mlm,Aran,child,0.6348322266313317,0.0033565079870204423,0.9963830302472902,802,292,510
BabyBERTa-1,mlm,Anne,mother,0.5125872179043448,0.00278441551737037,0.9966729649780297,657,320,337
BabyBERTa-1,mlm,Anne,child,0.5571709681700784,0.0030137241591796046,0.9961270646805034,500,221,279
BabyBERTa-1,mlm,John,mother,0.5299753280401831,0.0026417477446033,0.9968262037857322,526,247,279
BabyBERTa-1,mlm,John,child,0.616495573254953,0.0028181134116829604,0.9968915329523221,473,181,292
BabyBERTa-1,mlm,Nicole,mother,0.23363350930709137,0.003100035863394734,0.9961673060823955,280,215,65
BabyBERTa-1,mlm,Nicole,child,0.41049968263920833,0.0028005090905226914,0.9965672446154438,234,138,96
BabyBERTa-1,mlm,Warren,mother,0.494567450446071,0.003173975884374007,0.9964832692167978,944,477,467
BabyBERTa-1,mlm,Warren,child,0.618531980629695,0.002749305367326592,0.9961799494429444,826,314,512
BabyBERTa-2,mlm,Gail,mother,0.34283690698775565,0.0008577640379914846,0.9988785281566913,286,188,98
BabyBERTa-2,mlm,Gail,child,0.41524132477228376,0.0009983953229484516,0.998744806039627,224,131,93
BabyBERTa-2,mlm,Dominic,child,0.32592127373829166,0.0010305443899760217,0.9989092131026597,172,116,56
BabyBERTa-2,mlm,Dominic,mother,0.21851530838231753,0.001002893212523471,0.9983768944788961,188,147,41
BabyBERTa-2,mlm,Becky,mother,0.3414843256052542,0.0010016573655993234,0.9987797439716468,548,361,187
BabyBERTa-2,mlm,Becky,child,0.42471717089080785,0.0011048015907731293,0.9986436067166613,438,252,186
BabyBERTa-2,mlm,Liz,mother,0.3343715407816367,0.0009112603008674905,0.9988580850973303,410,273,137
BabyBERTa-2,mlm,Liz,child,0.4182465631636734,0.0009594249344869304,0.9987036721106827,373,217,156
BabyBERTa-2,mlm,Carl,mother,0.5568450776527047,0.0010750028221667872,0.9986822871429824,1077,477,600
BabyBERTa-2,mlm,Carl,child,0.5470542381238895,0.0012172493634120206,0.9986302207932002,910,412,498
BabyBERTa-2,mlm,Joel,child,0.47123369813956817,0.0009686851796902254,0.9987745780625081,331,175,156
BabyBERTa-2,mlm,Joel,mother,0.3820391677165531,0.0008252766761882545,0.9987086973406727,445,275,170
BabyBERTa-2,mlm,Ruth,mother,0.44093038871662615,0.0009234123815434966,0.9989880172391701,372,208,164
BabyBERTa-2,mlm,Ruth,child,0.5230835058478731,0.0009304543945834194,0.9987434773772399,279,133,146
BabyBERTa-2,mlm,Aran,mother,0.5336554824901545,0.0009633340103414972,0.9988362996522133,1079,503,576
BabyBERTa-2,mlm,Aran,child,0.6356158092802638,0.0011298237759912524,0.9988901382356513,802,292,510
BabyBERTa-2,mlm,Anne,mother,0.512874975070556,0.0008893546129061725,0.999033427730639,657,320,337
BabyBERTa-2,mlm,Anne,child,0.5578156539774872,0.0009439431291418545,0.9989219195598684,500,221,279
BabyBERTa-2,mlm,John,mother,0.5302249736136034,0.0009082798965773209,0.9988315089114722,526,247,279
BabyBERTa-2,mlm,John,child,0.6170375973344673,0.0010468508660590725,0.9988674778508438,473,181,292
BabyBERTa-2,mlm,Nicole,mother,0.23262348460799118,0.0010096559031004648,0.9987307641703219,280,215,65
BabyBERTa-2,mlm,Nicole,child,0.41028000111840146,0.001055139737689842,0.9985407393531744,234,138,96
BabyBERTa-2,mlm,Warren,mother,0.4946380889380192,0.0010611672730920173,0.9987841095679338,944,477,467
BabyBERTa-2,mlm,Warren,child,0.6194159646592357,0.0010293671801631,0.9986608701444483,826,314,512
BabyBERTa-3,mlm,Gail,mother,0.34289248993133875,0.0010742875554366877,0.9986253679585793,286,188,98
BabyBERTa-3,mlm,Gail,child,0.4153268243407782,0.0012013243333678,0.9986648942436898,224,131,93
BabyBERTa-3,mlm,Dominic,child,0.3259120519095225,0.0010407158263199847,0.998859819510442,172,116,56
BabyBERTa-3,mlm,Dominic,mother,0.21862143492535124,0.0010731643478714083,0.9986115757763153,188,147,41
BabyBERTa-3,mlm,Becky,mother,0.3414782463149879,0.0009902453544576937,0.99878395939922,548,361,187
BabyBERTa-3,mlm,Becky,child,0.42475774024994223,0.0011190344248567853,0.9987198578194129,438,252,186
BabyBERTa-3,mlm,Liz,mother,0.3344031351321541,0.00100203635597012,0.9987717480219223,410,273,137
BabyBERTa-3,mlm,Liz,child,0.4181970685603775,0.0010006119135263928,0.9985280371011899,373,217,156
BabyBERTa-3,mlm,Carl,mother,0.5567603878056828,0.0012096564723539586,0.9984232192156793,1077,477,600
BabyBERTa-3,mlm,Carl,child,0.5470299635831757,0.001479612583021701,0.9983688081857127,910,412,498
BabyBERTa-3,mlm,Joel,child,0.471255034343857,0.0010796260973445172,0.9986953961588549,331,175,156
BabyBERTa-3,mlm,Joel,mother,0.38209463756961354,0.00091503945663556,0.9987086933406073,445,275,170
BabyBERTa-3,mlm,Ruth,mother,0.44088407520193873,0.0009984679539848875,0.9987877721993433,372,208,164
BabyBERTa-3,mlm,Ruth,child,0.5232745533718943,0.0011825850198610738,0.9988788807062806,279,133,146
BabyBERTa-3,mlm,Aran,mother,0.5336276669483,0.0011548285240317057,0.9986169685583816,1079,503,576
BabyBERTa-3,mlm,Aran,child,0.6354927131807461,0.001210721222104309,0.9986502458315762,802,292,510
BabyBERTa-3,mlm,Anne,mother,0.5128057394927124,0.000873970845656781,0.9989130569023795,657,320,337
BabyBERTa-3,mlm,Anne,child,0.5577718368064041,0.0010168569961953196,0.998785638018075,500,221,279
BabyBERTa-3,mlm,John,mother,0.530185109787329,0.0011606316740360083,0.9985329452496351,526,247,279
BabyBERTa-3,mlm,John,child,0.616984214538544,0.001371174746336448,0.9985799686563163,473,181,292
BabyBERTa-3,mlm,Nicole,mother,0.23272795932381257,0.001173489365019847,0.998638898418281,280,215,65
BabyBERTa-3,mlm,Nicole,child,0.41037688498666525,0.0011802793442870479,0.9985970055975839,234,138,96
BabyBERTa-3,mlm,Warren,mother,0.49457003956926904,0.0013246273734906586,0.998377452026199,944,477,467
BabyBERTa-3,mlm,Warren,child,0.6194138128586414,0.0013091850659754476,0.9984857916221124,826,314,512
ELC_BERT_baby_100M,mlm,Gail,mother,0.19129277817412987,0.10268551884739192,0.3612740511682803,286,188,98
ELC_BERT_baby_100M,mlm,Gail,child,0.28455432559952315,0.086284973960245,0.5638369607043128,224,131,93
ELC_BERT_baby_100M,mlm,Dominic,child,0.2531617169540359,0.09985120669515635,0.5707334882045719,172,116,56
ELC_BERT_baby_100M,mlm,Dominic,mother,0.18178064403113334,0.1022073873817244,0.4670798812863313,188,147,41
ELC_BERT_baby_100M,mlm,Becky,mother,0.18546366442318693,0.08483808963618855,0.37971945318311423,548,361,187
ELC_BERT_baby_100M,mlm,Becky,child,0.2552143324454347,0.09020016414228263,0.47878191530776976,438,252,186
ELC_BERT_baby_100M,mlm,Liz,mother,0.19427186480247022,0.08478219691003636,0.41245200593118875,410,273,137
ELC_BERT_baby_100M,mlm,Liz,child,0.2357063339758058,0.07588677538570385,0.45801943791203736,373,217,156
ELC_BERT_baby_100M,mlm,Carl,mother,0.2598756778007337,0.09349978466875537,0.3921445128406564,1077,477,600
ELC_BERT_baby_100M,mlm,Carl,child,0.3367894039245558,0.1548376698155674,0.48731975423159035,910,412,498
ELC_BERT_baby_100M,mlm,Joel,child,0.23009297238227266,0.08196124851644344,0.39626638056509395,331,175,156
ELC_BERT_baby_100M,mlm,Joel,mother,0.15152426021734283,0.06948960500840756,0.28422737893767935,445,275,170
ELC_BERT_baby_100M,mlm,Ruth,mother,0.18929621511815184,0.050573965788351424,0.365236628902289,372,208,164
ELC_BERT_baby_100M,mlm,Ruth,child,0.31722685582181637,0.06139240265372842,0.5502815289132937,279,133,146
ELC_BERT_baby_100M,mlm,Aran,mother,0.20296229172609342,0.08873498643548794,0.3027128725614659,1079,503,576
ELC_BERT_baby_100M,mlm,Aran,child,0.3904019319904419,0.13578654658972192,0.5361817212786972,802,292,510
ELC_BERT_baby_100M,mlm,Anne,mother,0.18291522980496308,0.08813627874082734,0.27291304683915724,657,320,337
ELC_BERT_baby_100M,mlm,Anne,child,0.29198476237197885,0.0874951071952378,0.45396402328258734,500,221,279
ELC_BERT_baby_100M,mlm,John,mother,0.30870718639709743,0.1852389364335731,0.418014203389895,526,247,279
ELC_BERT_baby_100M,mlm,John,child,0.39387643073222495,0.16430861485315235,0.5361770289312391,473,181,292
ELC_BERT_baby_100M,mlm,Nicole,mother,0.15289478710672644,0.08310569191663898,0.383735640427785,280,215,65
ELC_BERT_baby_100M,mlm,Nicole,child,0.2542618337298281,0.07637255215049785,0.5099776760001155,234,138,96
ELC_BERT_baby_100M,mlm,Warren,mother,0.2567632084478232,0.18139369464184874,0.333746630472341,944,477,467
ELC_BERT_baby_100M,mlm,Warren,child,0.34701706131225596,0.16708901191422812,0.4573635603571402,826,314,512
ELC_BERT_small_baby_10M,mlm,Gail,mother,0.35864756074185183,0.05081335879132651,0.9491866420346963,286,188,98
ELC_BERT_small_baby_10M,mlm,Gail,child,0.4237986957810094,0.05081336611395528,0.9491866332690104,224,131,93
ELC_BERT_small_baby_10M,mlm,Dominic,child,0.34330698310907554,0.05081335816368699,0.9491866347816661,172,116,56
ELC_BERT_small_baby_10M,mlm,Dominic,mother,0.24673520385986397,0.05081336808411505,0.9491866638363297,188,147,41
ELC_BERT_small_baby_10M,mlm,Becky,mother,0.35737504614789967,0.05081336032595769,0.9491866428415952,548,361,187
ELC_BERT_small_baby_10M,mlm,Becky,child,0.43231433901272437,0.050813355770165894,0.9491866388897392,438,252,186
ELC_BERT_small_baby_10M,mlm,Liz,mother,0.3510014983241365,0.050813349462035945,0.9491866416770814,410,273,137
ELC_BERT_small_baby_10M,mlm,Liz,child,0.42654052414395094,0.050813357268423245,0.9491866472977298,373,217,156
ELC_BERT_small_baby_10M,mlm,Carl,mother,0.5512998641223567,0.05081335635588713,0.9491866377967002,1077,477,600
ELC_BERT_small_baby_10M,mlm,Carl,child,0.5424506005768258,0.05081335732244451,0.9491866331487236,910,412,498
ELC_BERT_small_baby_10M,mlm,Joel,child,0.47421586794547516,0.05081335323016908,0.9491866376581586,331,175,156
ELC_BERT_small_baby_10M,mlm,Joel,mother,0.39401214251777644,0.05081335939261164,0.9491866446320137,445,275,170
ELC_BERT_small_baby_10M,mlm,Ruth,mother,0.4468703925852383,0.05081335682474054,0.9491866330619673,372,208,164
ELC_BERT_small_baby_10M,mlm,Ruth,child,0.5209298390852258,0.05081335058818783,0.9491866402503356,279,133,146
ELC_BERT_small_baby_10M,mlm,Aran,mother,0.5303898269131497,0.050813361317952284,0.9491866362784004,1079,503,576
ELC_BERT_small_baby_10M,mlm,Aran,child,0.622098116022161,0.05081336085408559,0.9491866425105493,802,292,510
ELC_BERT_small_baby_10M,mlm,Anne,mother,0.5116227883725873,0.050813353307057454,0.9491866436276899,657,320,337
ELC_BERT_small_baby_10M,mlm,Anne,child,0.5521056460438128,0.050813349452157056,0.9491866408350527,500,221,279
ELC_BERT_small_baby_10M,mlm,John,mother,0.5273269446103853,0.05081335050504315,0.9491866497860826,526,247,279
ELC_BERT_small_baby_10M,mlm,John,child,0.6054116603502857,0.050813361880028295,0.9491866330321915,473,181,292
ELC_BERT_small_baby_10M,mlm,Nicole,mother,0.2593642941130743,0.050813352645090355,0.9491866389687136,280,215,65
ELC_BERT_small_baby_10M,mlm,Nicole,child,0.4193767528212005,0.0508133484135298,0.9491866466572271,234,138,96
ELC_BERT_small_baby_10M,mlm,Warren,mother,0.49524166638276934,0.05081335385998763,0.9491866451265957,944,477,467
ELC_BERT_small_baby_10M,mlm,Warren,child,0.6076742784729623,0.050813355589311916,0.9491866413352009,826,314,512
babylm-baseline-100m-gpt-bert-masked-focus,mlm,Gail,mother,0.30943645945136544,0.0497067608274628,0.8076934323217093,286,188,98
babylm-baseline-100m-gpt-bert-masked-focus,mlm,Gail,child,0.40900884040904784,0.013267952393565638,0.9664503063233293,224,131,93
babylm-baseline-100m-gpt-bert-masked-focus,mlm,Dominic,child,0.3267412921528457,0.006491630450007986,0.990115591394438,172,116,56
babylm-baseline-100m-gpt-bert-masked-focus,mlm,Dominic,mother,0.2215093834437113,0.04617570225569945,0.8501447769714611,188,147,41
babylm-baseline-100m-gpt-bert-masked-focus,mlm,Becky,mother,0.3081187338761847,0.03678773347436563,0.8319181517641886,548,361,187
babylm-baseline-100m-gpt-bert-masked-focus,mlm,Becky,child,0.4210551947324953,0.009412148006526332,0.9787651290063889,438,252,186
babylm-baseline-100m-gpt-bert-masked-focus,mlm,Liz,mother,0.3091440675706111,0.04437484966726235,0.836749881348817,410,273,137
babylm-baseline-100m-gpt-bert-masked-focus,mlm,Liz,child,0.41623736144371687,0.0060908103719981175,0.9867617305627103,373,217,156
babylm-baseline-100m-gpt-bert-masked-focus,mlm,Carl,mother,0.47460075460138174,0.03756634334875799,0.8220431115472177,1077,477,600
babylm-baseline-100m-gpt-bert-masked-focus,mlm,Carl,child,0.542686422498113,0.008179755389875509,0.9848887254069361,910,412,498
babylm-baseline-100m-gpt-bert-masked-focus,mlm,Joel,child,0.46597076249873665,0.008051901120534196,0.979661792890951,331,175,156
babylm-baseline-100m-gpt-bert-masked-focus,mlm,Joel,mother,0.32970836509942447,0.031097732264275667,0.8127549770386356,445,275,170
babylm-baseline-100m-gpt-bert-masked-focus,mlm,Ruth,mother,0.3822444544594648,0.030740413079320208,0.8280544581611116,372,208,164
babylm-baseline-100m-gpt-bert-masked-focus,mlm,Ruth,child,0.5198503009043052,0.004133190895405848,0.9896473942685764,279,133,146
babylm-baseline-100m-gpt-bert-masked-focus,mlm,Aran,mother,0.3851928331259532,0.14268777788128825,0.5969637407441242,1079,503,576
babylm-baseline-100m-gpt-bert-masked-focus,mlm,Aran,child,0.5982349370072995,0.0424232015041612,0.916464401256155,802,292,510
babylm-baseline-100m-gpt-bert-masked-focus,mlm,Anne,mother,0.3956849474654194,0.09179669364657901,0.6842435267592736,657,320,337
babylm-baseline-100m-gpt-bert-masked-focus,mlm,Anne,child,0.5287766015295445,0.02666693627811243,0.9265050460477039,500,221,279
babylm-baseline-100m-gpt-bert-masked-focus,mlm,John,mother,0.480589239490976,0.06038096702569346,0.852601581064183,526,247,279
babylm-baseline-100m-gpt-bert-masked-focus,mlm,John,child,0.6145582969486848,0.005482686831766727,0.9921017402060895,473,181,292
babylm-baseline-100m-gpt-bert-masked-focus,mlm,Nicole,mother,0.21952314168058717,0.03255610261011854,0.8379525786059835,280,215,65
babylm-baseline-100m-gpt-bert-masked-focus,mlm,Nicole,child,0.40800691317031007,0.004561799036367568,0.9879592647378524,234,138,96
babylm-baseline-100m-gpt-bert-masked-focus,mlm,Warren,mother,0.43359343812089446,0.07786183567362519,0.796942419635557,944,477,467
babylm-baseline-100m-gpt-bert-masked-focus,mlm,Warren,child,0.6124565117320981,0.008583646732262988,0.9828004172202782,826,314,512
babylm-baseline-100m-gpt-bert-mixed,mlm,Gail,mother,0.31241384343492323,0.02534481013214131,0.86311770324026,286,188,98
babylm-baseline-100m-gpt-bert-mixed,mlm,Gail,child,0.4065949375074916,0.014288688538522656,0.9591983634745338,224,131,93
babylm-baseline-100m-gpt-bert-mixed,mlm,Dominic,child,0.32573918355788717,0.010293630350923481,0.9791621152008833,172,116,56
babylm-baseline-100m-gpt-bert-mixed,mlm,Dominic,mother,0.22182196888840727,0.027848465362944195,0.9172879449431163,188,147,41
babylm-baseline-100m-gpt-bert-mixed,mlm,Becky,mother,0.31058024086853137,0.027198715625285343,0.8576429714183271,548,361,187
babylm-baseline-100m-gpt-bert-mixed,mlm,Becky,child,0.41665796785373177,0.014701995839559634,0.9612434783245457,438,252,186
babylm-baseline-100m-gpt-bert-mixed,mlm,Liz,mother,0.31980525005291627,0.030496016395781356,0.8963119711361122,410,273,137
babylm-baseline-100m-gpt-bert-mixed,mlm,Liz,child,0.4118938990521539,0.011888054197991955,0.9683122858044175,373,217,156
babylm-baseline-100m-gpt-bert-mixed,mlm,Carl,mother,0.5042148513758138,0.031442887261014366,0.8800685628470797,1077,477,600
babylm-baseline-100m-gpt-bert-mixed,mlm,Carl,child,0.5362673052740027,0.016673716927203375,0.9661318803721582,910,412,498
babylm-baseline-100m-gpt-bert-mixed,mlm,Joel,child,0.4589366001035524,0.012135099631986933,0.9601562320428086,331,175,156
babylm-baseline-100m-gpt-bert-mixed,mlm,Joel,mother,0.3433155325014795,0.02239928159060435,0.8624447619161304,445,275,170
babylm-baseline-100m-gpt-bert-mixed,mlm,Ruth,mother,0.4033055346783447,0.029446501951924723,0.8774682103313654,372,208,164
babylm-baseline-100m-gpt-bert-mixed,mlm,Ruth,child,0.5093191317710987,0.010642840127182437,0.9635927399124744,279,133,146
babylm-baseline-100m-gpt-bert-mixed,mlm,Aran,mother,0.4095521643998826,0.058697083100243914,0.7159412371320324,1079,503,576
babylm-baseline-100m-gpt-bert-mixed,mlm,Aran,child,0.6082028536272928,0.021048389000680786,0.9443775667076274,802,292,510
babylm-baseline-100m-gpt-bert-mixed,mlm,Anne,mother,0.4098461160701644,0.04216759214426361,0.7589770586704263,657,320,337
babylm-baseline-100m-gpt-bert-mixed,mlm,Anne,child,0.5296233638184492,0.015211998654896699,0.937096165614668,500,221,279
babylm-baseline-100m-gpt-bert-mixed,mlm,John,mother,0.5032051442640487,0.03246017196441846,0.9199578616762665,526,247,279
babylm-baseline-100m-gpt-bert-mixed,mlm,John,child,0.6099030485411041,0.01219058063697838,0.9804029002214013,473,181,292
babylm-baseline-100m-gpt-bert-mixed,mlm,Nicole,mother,0.2212492894136455,0.022152638465286454,0.8797997502428332,280,215,65
babylm-baseline-100m-gpt-bert-mixed,mlm,Nicole,child,0.40289489707196574,0.010309155946726567,0.9672368999394972,234,138,96
babylm-baseline-100m-gpt-bert-mixed,mlm,Warren,mother,0.45967358407792397,0.039116705246791325,0.8892359635264255,944,477,467
babylm-baseline-100m-gpt-bert-mixed,mlm,Warren,child,0.6046659467861186,0.015049005732926248,0.9662669614163968,826,314,512
babylm-baseline-10m-gpt-bert-masked-focus,mlm,Gail,mother,0.34086013940361803,0.03695377128329537,0.9238641925324004,286,188,98
babylm-baseline-10m-gpt-bert-masked-focus,mlm,Gail,child,0.41154587824495314,0.025746009062581447,0.9549844036523799,224,131,93
babylm-baseline-10m-gpt-bert-masked-focus,mlm,Dominic,child,0.33189299947794665,0.02888246326238672,0.9595576816387492,172,116,56
babylm-baseline-10m-gpt-bert-masked-focus,mlm,Dominic,mother,0.23608885066665683,0.04378161498259254,0.9255806468997655,188,147,41
babylm-baseline-10m-gpt-bert-masked-focus,mlm,Becky,mother,0.3445885649056107,0.04195341003345471,0.9288200670919652,548,361,187
babylm-baseline-10m-gpt-bert-masked-focus,mlm,Becky,child,0.4255658458402458,0.03356080727519673,0.956669446476764,438,252,186
babylm-baseline-10m-gpt-bert-masked-focus,mlm,Liz,mother,0.3381457810309528,0.03924672030220411,0.9337621575196269,410,273,137
babylm-baseline-10m-gpt-bert-masked-focus,mlm,Liz,child,0.4163848566994515,0.026019248036873152,0.9593934277236792,373,217,156
babylm-baseline-10m-gpt-bert-masked-focus,mlm,Carl,mother,0.536751878711789,0.040292280589335476,0.9314372592191394,1077,477,600
babylm-baseline-10m-gpt-bert-masked-focus,mlm,Carl,child,0.5383624327293624,0.02913572181710581,0.9596503943676149,910,412,498
babylm-baseline-10m-gpt-bert-masked-focus,mlm,Joel,child,0.46691075005208355,0.02861533610778727,0.9585882977460056,331,175,156
babylm-baseline-10m-gpt-bert-masked-focus,mlm,Joel,mother,0.3776134711629752,0.040001833985001255,0.9237499430685214,445,275,170
babylm-baseline-10m-gpt-bert-masked-focus,mlm,Ruth,mother,0.434003648389066,0.04510752021502588,0.9272377621707752,372,208,164
babylm-baseline-10m-gpt-bert-masked-focus,mlm,Ruth,child,0.5133249358983937,0.031215298445722187,0.9525070028929504,279,133,146
babylm-baseline-10m-gpt-bert-masked-focus,mlm,Aran,mother,0.4968647538816289,0.06528907422775986,0.8737442102460319,1079,503,576
babylm-baseline-10m-gpt-bert-masked-focus,mlm,Aran,child,0.5977589001912844,0.07146356647462546,0.8990887775349402,802,292,510
babylm-baseline-10m-gpt-bert-masked-focus,mlm,Anne,mother,0.4858626375160448,0.05025771505484389,0.8994934244228232,657,320,337
babylm-baseline-10m-gpt-bert-masked-focus,mlm,Anne,child,0.5379523948113096,0.04100772442569009,0.9315895709949008,500,221,279
babylm-baseline-10m-gpt-bert-masked-focus,mlm,John,mother,0.5187482774287039,0.051917819939140464,0.9320354566398942,526,247,279
babylm-baseline-10m-gpt-bert-masked-focus,mlm,John,child,0.6075162512100091,0.026946706270593725,0.9673898389977975,473,181,292
babylm-baseline-10m-gpt-bert-masked-focus,mlm,Nicole,mother,0.24248735430921683,0.0351888031260258,0.9281671774536182,280,215,65
babylm-baseline-10m-gpt-bert-masked-focus,mlm,Nicole,child,0.4049761759408353,0.020119228903442567,0.9582080373070873,234,138,96
babylm-baseline-10m-gpt-bert-masked-focus,mlm,Warren,mother,0.4866912374382982,0.05506379232397344,0.9275612402638503,944,477,467
babylm-baseline-10m-gpt-bert-masked-focus,mlm,Warren,child,0.6045695821293451,0.02793669444596225,0.9582077202789197,826,314,512
babylm-baseline-10m-gpt-bert-mixed,mlm,Gail,mother,0.3204795698661203,0.013133513053274658,0.9100822094662733,286,188,98
babylm-baseline-10m-gpt-bert-mixed,mlm,Gail,child,0.411765513277469,0.006845034648780812,0.9821373702705675,224,131,93
babylm-baseline-10m-gpt-bert-mixed,mlm,Dominic,child,0.32565529518721453,0.009027991829887401,0.9815261378559637,172,116,56
babylm-baseline-10m-gpt-bert-mixed,mlm,Dominic,mother,0.22075747442180438,0.015213256409206826,0.9577086951011176,188,147,41
babylm-baseline-10m-gpt-bert-mixed,mlm,Becky,mother,0.32722928856905503,0.014704836859095897,0.9305518932069976,548,361,187
babylm-baseline-10m-gpt-bert-mixed,mlm,Becky,child,0.4167009399480991,0.006365456468522769,0.9726393369204284,438,252,186
babylm-baseline-10m-gpt-bert-mixed,mlm,Liz,mother,0.3265215973242527,0.015468788444201827,0.9463567566253759,410,273,137
babylm-baseline-10m-gpt-bert-mixed,mlm,Liz,child,0.4103759173500292,0.004170551675422058,0.9754179965256046,373,217,156
babylm-baseline-10m-gpt-bert-mixed,mlm,Carl,mother,0.5293898893283877,0.013346678879370062,0.9396442416353569,1077,477,600
babylm-baseline-10m-gpt-bert-mixed,mlm,Carl,child,0.5383240259054721,0.006732703645565815,0.9781144370923825,910,412,498
babylm-baseline-10m-gpt-bert-mixed,mlm,Joel,child,0.4653481590697115,0.005504788421948598,0.9811980940912404,331,175,156
babylm-baseline-10m-gpt-bert-mixed,mlm,Joel,mother,0.36861829067521057,0.014304652530239752,0.9417727053214869,445,275,170
babylm-baseline-10m-gpt-bert-mixed,mlm,Ruth,mother,0.4164541815776035,0.011305364370450939,0.9303014619378944,372,208,164
babylm-baseline-10m-gpt-bert-mixed,mlm,Ruth,child,0.5147842549082523,0.0057340112925690695,0.9785081069691146,279,133,146
babylm-baseline-10m-gpt-bert-mixed,mlm,Aran,mother,0.47725908296424374,0.023210107847182193,0.8737636567209832,1079,503,576
babylm-baseline-10m-gpt-bert-mixed,mlm,Aran,child,0.6056683131415622,0.018200261903763077,0.9420225699286943,802,292,510
babylm-baseline-10m-gpt-bert-mixed,mlm,Anne,mother,0.47124700617138937,0.018685703224624494,0.9009788071890892,657,320,337
babylm-baseline-10m-gpt-bert-mixed,mlm,Anne,child,0.5391219386867011,0.00962969804812915,0.9585405235652832,500,221,279
babylm-baseline-10m-gpt-bert-mixed,mlm,John,mother,0.5109793092008194,0.018611831094936946,0.9468745317533388,526,247,279
babylm-baseline-10m-gpt-bert-mixed,mlm,John,child,0.6094837147290798,0.006094719487327123,0.9835022357522211,473,181,292
babylm-baseline-10m-gpt-bert-mixed,mlm,Nicole,mother,0.23144369256889794,0.012056236262209767,0.9571098941987127,280,215,65
babylm-baseline-10m-gpt-bert-mixed,mlm,Nicole,child,0.40220224258779896,0.0031028567251918365,0.9759076097652967,234,138,96
babylm-baseline-10m-gpt-bert-mixed,mlm,Warren,mother,0.47841029872257435,0.02640778984509835,0.9400916621798678,944,477,467
babylm-baseline-10m-gpt-bert-mixed,mlm,Warren,child,0.6102649812819136,0.006471766052115052,0.9805600390595636,826,314,512
gpt-bert-babylm-base,mlm,Gail,mother,0.30211748267705457,0.05215595070017284,0.7816355236122972,286,188,98
gpt-bert-babylm-base,mlm,Gail,child,0.3904900268222118,0.05986908684690227,0.8562033938842067,224,131,93
gpt-bert-babylm-base,mlm,Dominic,child,0.31638451747716084,0.03409197827244047,0.9011333486869387,172,116,56
gpt-bert-babylm-base,mlm,Dominic,mother,0.23120734396936482,0.05141461456503737,0.8758300567117095,188,147,41
gpt-bert-babylm-base,mlm,Becky,mother,0.3014031947543308,0.041650520200935896,0.8028508712985852,548,361,187
gpt-bert-babylm-base,mlm,Becky,child,0.3754508662861368,0.040374938385030965,0.829424704087635,438,252,186
gpt-bert-babylm-base,mlm,Liz,mother,0.30240786594573466,0.0501788220423998,0.8050248658407012,410,273,137
gpt-bert-babylm-base,mlm,Liz,child,0.3868065615760561,0.03698988702177999,0.873410525539376,373,217,156
gpt-bert-babylm-base,mlm,Carl,mother,0.46961546880345245,0.042886165664907334,0.8088652647985959,1077,477,600
gpt-bert-babylm-base,mlm,Carl,child,0.484785547013489,0.04831156330262613,0.8458845054248856,910,412,498
gpt-bert-babylm-base,mlm,Joel,child,0.4043116937303516,0.028932983757955395,0.8254096055583602,331,175,156
gpt-bert-babylm-base,mlm,Joel,mother,0.32275618664570505,0.03639664545603682,0.7859848562172272,445,275,170
gpt-bert-babylm-base,mlm,Ruth,mother,0.3725312991371065,0.029640982123425166,0.8074165792520193,372,208,164
gpt-bert-babylm-base,mlm,Ruth,child,0.46128867664112133,0.02648331621463006,0.8573784912762128,279,133,146
gpt-bert-babylm-base,mlm,Aran,mother,0.43007764033324064,0.045359338886614274,0.7660382403812496,1079,503,576
gpt-bert-babylm-base,mlm,Aran,child,0.5477932248640913,0.06486033730790959,0.824295976170768,802,292,510
gpt-bert-babylm-base,mlm,Anne,mother,0.4347187114241189,0.04579901719662148,0.8040193112840569,657,320,337
gpt-bert-babylm-base,mlm,Anne,child,0.4864671472181616,0.03525523832101421,0.8438787309682318,500,221,279
gpt-bert-babylm-base,mlm,John,mother,0.4690882284714739,0.08299536211941318,0.8108980420519721,526,247,279
gpt-bert-babylm-base,mlm,John,child,0.5574008109208567,0.05076481641212315,0.8714457253252429,473,181,292
gpt-bert-babylm-base,mlm,Nicole,mother,0.22808588809161862,0.03940432108228729,0.8521864558917147,280,215,65
gpt-bert-babylm-base,mlm,Nicole,child,0.3512732801284702,0.023132667226220885,0.8229754111754536,234,138,96
gpt-bert-babylm-base,mlm,Warren,mother,0.43026580100904904,0.08642829223381074,0.7814659973383611,944,477,467
gpt-bert-babylm-base,mlm,Warren,child,0.5331905378331959,0.057509797098585475,0.8249166171118438,826,314,512
gpt-bert-babylm-small,mlm,Gail,mother,0.3006867010027554,0.060244158721605545,0.7619438229298591,286,188,98
gpt-bert-babylm-small,mlm,Gail,child,0.35776448189972837,0.04030440266338496,0.8049394322218896,224,131,93
gpt-bert-babylm-small,mlm,Dominic,child,0.3187896227919252,0.057854350296219,0.8592984015330308,172,116,56
gpt-bert-babylm-small,mlm,Dominic,mother,0.23733360321862149,0.08211585374266295,0.7938460220714483,188,147,41
gpt-bert-babylm-small,mlm,Becky,mother,0.2764874267848434,0.06424318119881776,0.6862209704027861,548,361,187
gpt-bert-babylm-small,mlm,Becky,child,0.3642005134510252,0.07201053057579715,0.7600708128303665,438,252,186
gpt-bert-babylm-small,mlm,Liz,mother,0.3049720171249491,0.06812474613219424,0.7769377469134314,410,273,137
gpt-bert-babylm-small,mlm,Liz,child,0.3668320602378225,0.04467962772007686,0.8149543541887891,373,217,156
gpt-bert-babylm-small,mlm,Carl,mother,0.4429604518325873,0.05648051261741513,0.7502120035086492,1077,477,600
gpt-bert-babylm-small,mlm,Carl,child,0.4764814443512083,0.06831935424261289,0.814157711669966,910,412,498
gpt-bert-babylm-small,mlm,Joel,child,0.37695662862823376,0.04621833689355626,0.7479771482023913,331,175,156
gpt-bert-babylm-small,mlm,Joel,mother,0.2970455066922056,0.05660966999008011,0.6859858307691733,445,275,170
gpt-bert-babylm-small,mlm,Ruth,mother,0.3511834931878912,0.04314010032876443,0.7418726743750763,372,208,164
gpt-bert-babylm-small,mlm,Ruth,child,0.43725734291460505,0.0561434547976431,0.7844364327745772,279,133,146
gpt-bert-babylm-small,mlm,Aran,mother,0.4455036981670551,0.04254469992000861,0.7973932400390419,1079,503,576
gpt-bert-babylm-small,mlm,Aran,child,0.5689227786425932,0.047039485636884974,0.8677265464027243,802,292,510
gpt-bert-babylm-small,mlm,Anne,mother,0.409088527787481,0.043783478910525316,0.7559657255341453,657,320,337
gpt-bert-babylm-small,mlm,Anne,child,0.4756326254981759,0.03417639578250389,0.825316592405572,500,221,279
gpt-bert-babylm-small,mlm,John,mother,0.45386187771200753,0.09574428357221051,0.7709050524522578,526,247,279
gpt-bert-babylm-small,mlm,John,child,0.5544267180370948,0.06954790665435776,0.8549851593394077,473,181,292
gpt-bert-babylm-small,mlm,Nicole,mother,0.2255271713305674,0.06643954560065651,0.7517400872064266,280,215,65
gpt-bert-babylm-small,mlm,Nicole,child,0.35095384115829076,0.04873838006252868,0.7853885664834488,234,138,96
gpt-bert-babylm-small,mlm,Warren,mother,0.4132440678469065,0.1149370669931226,0.7179387989116923,944,477,467
gpt-bert-babylm-small,mlm,Warren,child,0.5267163073724221,0.08434131651097243,0.7980165947366706,826,314,512
ltg-bert-babylm,mlm,Gail,mother,0.22214340574141916,0.10320877244138739,0.45030372268433727,286,188,98
ltg-bert-babylm,mlm,Gail,child,0.2913850774990475,0.11012448288543322,0.5467091408795149,224,131,93
ltg-bert-babylm,mlm,Dominic,child,0.2446200412397053,0.08111615558055754,0.5833066615336541,172,116,56
ltg-bert-babylm,mlm,Dominic,mother,0.19500611807224977,0.09927211299076565,0.5382475509253758,188,147,41
ltg-bert-babylm,mlm,Becky,mother,0.20537366413598107,0.07781931287234506,0.45161495186952433,548,361,187
ltg-bert-babylm,mlm,Becky,child,0.26637049999200063,0.07816079404750689,0.5213642951426051,438,252,186
ltg-bert-babylm,mlm,Liz,mother,0.21798259587100577,0.08076432405329463,0.49141754628148115,410,273,137
ltg-bert-babylm,mlm,Liz,child,0.26842148603560834,0.07505393987682862,0.5374007008846801,373,217,156
ltg-bert-babylm,mlm,Carl,mother,0.28899117267489105,0.10400956443865336,0.4360515512227001,1077,477,600
ltg-bert-babylm,mlm,Carl,child,0.3455201474618664,0.14331770033750243,0.5128040997013,910,412,498
ltg-bert-babylm,mlm,Joel,child,0.2507448347505577,0.07496366153660204,0.44793525342005924,331,175,156
ltg-bert-babylm,mlm,Joel,mother,0.17751641852996344,0.06647871757803268,0.3571362288933808,445,275,170
ltg-bert-babylm,mlm,Ruth,mother,0.22075648918364174,0.05004323266677125,0.4372708633025994,372,208,164
ltg-bert-babylm,mlm,Ruth,child,0.36482699765098586,0.07516918348359578,0.6286933626116905,279,133,146
ltg-bert-babylm,mlm,Aran,mother,0.2507510294712425,0.0919827043329098,0.38939767451391855,1079,503,576
ltg-bert-babylm,mlm,Aran,child,0.39219700331880186,0.1374871081575499,0.5380309040777932,802,292,510
ltg-bert-babylm,mlm,Anne,mother,0.23313985517165323,0.08562666779681119,0.3732117244890107,657,320,337
ltg-bert-babylm,mlm,Anne,child,0.3181131507999973,0.08420817085340673,0.5033927227290171,500,221,279
ltg-bert-babylm,mlm,John,mother,0.3334273424147838,0.1843337886073912,0.46542056030161527,526,247,279
ltg-bert-babylm,mlm,John,child,0.4009653047412526,0.13230717617180177,0.5674965419709463,473,181,292
ltg-bert-babylm,mlm,Nicole,mother,0.1597589745514802,0.07687250653304031,0.4339219072278583,280,215,65
ltg-bert-babylm,mlm,Nicole,child,0.2535120829402511,0.06691877306324552,0.5217399658884467,234,138,96
ltg-bert-babylm,mlm,Warren,mother,0.29290242823655577,0.17389143235751753,0.4144618394449096,944,477,467
ltg-bert-babylm,mlm,Warren,child,0.37422330252153674,0.14488886823365799,0.5148698110496499,826,314,512
ltg-bert-bnc,mlm,Gail,mother,0.17118108824185413,0.16992215770842004,0.17359617946925826,286,188,98
ltg-bert-bnc,mlm,Gail,child,0.22928216949440725,0.18806272834413362,0.2873439629426422,224,131,93
ltg-bert-bnc,mlm,Dominic,child,0.24414657550488714,0.17899329119378246,0.37910695014931833,172,116,56
ltg-bert-bnc,mlm,Dominic,mother,0.21621659672394805,0.20059284541722475,0.2722334611651266,188,147,41
ltg-bert-bnc,mlm,Becky,mother,0.1654220608522443,0.1502173365466693,0.19477449654375542,548,361,187
ltg-bert-bnc,mlm,Becky,child,0.18624465288081252,0.14162683446583033,0.2466946004107883,438,252,186
ltg-bert-bnc,mlm,Liz,mother,0.1676195398053876,0.15810376745550123,0.18658162631282543,410,273,137
ltg-bert-bnc,mlm,Liz,child,0.17654024948504946,0.14634933385198262,0.21853658725668731,373,217,156
ltg-bert-bnc,mlm,Carl,mother,0.17982721701281956,0.1716674961974078,0.18631419506107194,1077,477,600
ltg-bert-bnc,mlm,Carl,child,0.26302742447873634,0.2876846951433661,0.24262823669996633,910,412,498
ltg-bert-bnc,mlm,Joel,child,0.16003341887083267,0.12921644441304278,0.19460374278181497,331,175,156
ltg-bert-bnc,mlm,Joel,mother,0.11182442065122909,0.09566649650119152,0.137962239129231,445,275,170
ltg-bert-bnc,mlm,Ruth,mother,0.1335630115783824,0.11786714839028428,0.1534699600120678,372,208,164
ltg-bert-bnc,mlm,Ruth,child,0.27313839316894306,0.21949027551624348,0.3220096236333885,279,133,146
ltg-bert-bnc,mlm,Aran,mother,0.1494171228775361,0.1793978904612485,0.12323600118550952,1079,503,576
ltg-bert-bnc,mlm,Aran,child,0.2573465943668285,0.2697855142138138,0.25022470300345656,802,292,510
ltg-bert-bnc,mlm,Anne,mother,0.12374725775614437,0.15227588502549316,0.09665776005231169,657,320,337
ltg-bert-bnc,mlm,Anne,child,0.18038283288787496,0.1549080655027247,0.2005617704940334,500,221,279
ltg-bert-bnc,mlm,John,mother,0.24997846087240427,0.31631186531518884,0.19125318883882797,526,247,279
ltg-bert-bnc,mlm,John,child,0.30879965823201705,0.28701147542062677,0.3223053468925021,473,181,292
ltg-bert-bnc,mlm,Nicole,mother,0.152027842640432,0.154012232477588,0.14546409164060828,280,215,65
ltg-bert-bnc,mlm,Nicole,child,0.17480099233573826,0.13431257456211473,0.2330030928853221,234,138,96
ltg-bert-bnc,mlm,Warren,mother,0.23562909861555892,0.30208470998355014,0.16775045488422752,944,477,467
ltg-bert-bnc,mlm,Warren,child,0.2465322001717899,0.25530110003465195,0.241154398302769,826,314,512
ltgbert-100m-2024,mlm,Gail,mother,0.1791587047562176,0.1438836396854313,0.24682923774915463,286,188,98
ltgbert-100m-2024,mlm,Gail,child,0.26829351407890023,0.18406036321378644,0.3869445115340606,224,131,93
ltgbert-100m-2024,mlm,Dominic,child,0.3014354247688508,0.20245549469981824,0.506465279911847,172,116,56
ltgbert-100m-2024,mlm,Dominic,mother,0.24467209529699807,0.20474350364963526,0.387830704374128,188,147,41
ltgbert-100m-2024,mlm,Becky,mother,0.20857804884685485,0.16146865013314576,0.29952186133695635,548,361,187
ltgbert-100m-2024,mlm,Becky,child,0.26041110977144283,0.17394534592119495,0.3775582736975851,438,252,186
ltgbert-100m-2024,mlm,Liz,mother,0.2157326111579634,0.15497251519059876,0.33680929874256593,410,273,137
ltgbert-100m-2024,mlm,Liz,child,0.25070681786551025,0.13133479029286765,0.41675636904027596,373,217,156
ltgbert-100m-2024,mlm,Carl,mother,0.26217342528225174,0.1531881502079923,0.34881671896628796,1077,477,600
ltgbert-100m-2024,mlm,Carl,child,0.3595188331151542,0.20888530050763396,0.48413934603543207,910,412,498
ltgbert-100m-2024,mlm,Joel,child,0.2413722715847131,0.14157068414517993,0.353329180571369,331,175,156
ltgbert-100m-2024,mlm,Joel,mother,0.16471120234570613,0.11280257331695341,0.24868104342162958,445,275,170
ltgbert-100m-2024,mlm,Ruth,mother,0.19501691834523935,0.09506699859695276,0.3217826702211151,372,208,164
ltgbert-100m-2024,mlm,Ruth,child,0.35295195718540784,0.15342260210606495,0.5347149998261792,279,133,146
ltgbert-100m-2024,mlm,Aran,mother,0.24673076989423506,0.28781612442224797,0.2108524134227237,1079,503,576
ltgbert-100m-2024,mlm,Aran,child,0.3683469537858286,0.3233677998897737,0.39409972425180506,802,292,510
ltgbert-100m-2024,mlm,Anne,mother,0.2092969196516935,0.1933648484949434,0.22442529582427523,657,320,337
ltgbert-100m-2024,mlm,Anne,child,0.30256111820550124,0.18794977091161114,0.3933464506497654,500,221,279
ltgbert-100m-2024,mlm,John,mother,0.32562328990357053,0.2402895873983712,0.4011696143436574,526,247,279
ltgbert-100m-2024,mlm,John,child,0.4039284880682094,0.2096781068677386,0.524337114771241,473,181,292
ltgbert-100m-2024,mlm,Nicole,mother,0.18394195502606192,0.1467896773634538,0.3068302580639196,280,215,65
ltgbert-100m-2024,mlm,Nicole,child,0.23589946064240364,0.14850084741715056,0.36153496715370487,234,138,96
ltgbert-100m-2024,mlm,Warren,mother,0.2889344448639133,0.26120363508950445,0.317259062128138,944,477,467
ltgbert-100m-2024,mlm,Warren,child,0.3463395328501707,0.21946268975283634,0.4241507217809578,826,314,512
ltgbert-10m-2024,mlm,Gail,mother,0.313807972906963,0.16567376792858546,0.5979837947022179,286,188,98
ltgbert-10m-2024,mlm,Gail,child,0.3705159380251079,0.1641794954787224,0.6611618947302313,224,131,93
ltgbert-10m-2024,mlm,Dominic,child,0.38697567831286417,0.2612177228551057,0.6474743003325065,172,116,56
ltgbert-10m-2024,mlm,Dominic,mother,0.32454125457146205,0.23400030808433397,0.6491636724643359,188,147,41
ltgbert-10m-2024,mlm,Becky,mother,0.3390347875716057,0.16621364201263722,0.672662774452823,548,361,187
ltgbert-10m-2024,mlm,Becky,child,0.39219899355683574,0.16856802183937372,0.6951828907224293,438,252,186
ltgbert-10m-2024,mlm,Liz,mother,0.33696738588229236,0.14879019415153688,0.7119482131997833,410,273,137
ltgbert-10m-2024,mlm,Liz,child,0.38600367364824234,0.12159064021977291,0.7538089829686134,373,217,156
ltgbert-10m-2024,mlm,Carl,mother,0.43628010322007693,0.18146060539891862,0.6388616039878978,1077,477,600
ltgbert-10m-2024,mlm,Carl,child,0.45780126281610334,0.21031922487265614,0.662545438785381,910,412,498
ltgbert-10m-2024,mlm,Joel,child,0.3892062872693485,0.1272048442593026,0.6831181624408743,331,175,156
ltgbert-10m-2024,mlm,Joel,mother,0.3359816792530758,0.15076703364105543,0.635593605978403,445,275,170
ltgbert-10m-2024,mlm,Ruth,mother,0.3723610856730712,0.1404874810824599,0.6664446817392122,372,208,164
ltgbert-10m-2024,mlm,Ruth,child,0.4603610300141432,0.16291470824310064,0.7313224053261203,279,133,146
ltgbert-10m-2024,mlm,Aran,mother,0.4044083358818656,0.17055974945487024,0.608619861876273,1079,503,576
ltgbert-10m-2024,mlm,Aran,child,0.47963786029706545,0.2115544584340727,0.6331287492068574,802,292,510
ltgbert-10m-2024,mlm,Anne,mother,0.4275691040581189,0.13242367132047272,0.707825894788228,657,320,337
ltgbert-10m-2024,mlm,Anne,child,0.4658455888066984,0.10925447171460914,0.7483066528832278,500,221,279
ltgbert-10m-2024,mlm,John,mother,0.45652557352332324,0.19057868561060326,0.6919695925715018,526,247,279
ltgbert-10m-2024,mlm,John,child,0.5568718118185204,0.16480023163119728,0.7999024830990185,473,181,292
ltgbert-10m-2024,mlm,Nicole,mother,0.268225063855389,0.1376291642294685,0.7001961164642031,280,215,65
ltgbert-10m-2024,mlm,Nicole,child,0.36876206822982177,0.15499396411134805,0.6760537179001279,234,138,96
ltgbert-10m-2024,mlm,Warren,mother,0.4316250918450261,0.22514768382418557,0.6425238576393323,944,477,467
ltgbert-10m-2024,mlm,Warren,child,0.48096037991095886,0.22192082311731978,0.6398244831008078,826,314,512
roberta-base,mlm,Gail,mother,0.1692609783792063,0.1599982673261359,0.18703026080754545,286,188,98
roberta-base,mlm,Gail,child,0.24074438325203598,0.17083447042656819,0.33921963680188844,224,131,93
roberta-base,mlm,Dominic,child,0.23871799236464047,0.17796035967349996,0.3645730886534316,172,116,56
roberta-base,mlm,Dominic,mother,0.20575370571597754,0.1826987530206263,0.2884141458676026,188,147,41
roberta-base,mlm,Becky,mother,0.156890689839424,0.14018144521455747,0.18914757384785622,548,361,187
roberta-base,mlm,Becky,child,0.189102383683581,0.1370177041272115,0.2596687237276945,438,252,186
roberta-base,mlm,Liz,mother,0.1538941232760773,0.13325330546926062,0.1950250959860112,410,273,137
roberta-base,mlm,Liz,child,0.18181877514797798,0.13027016305154934,0.2535242163333948,373,217,156
roberta-base,mlm,Carl,mother,0.18538339281503322,0.161538576556128,0.20434002174086288,1077,477,600
roberta-base,mlm,Carl,child,0.2792764098342628,0.26111668371781976,0.29430011899083797,910,412,498
roberta-base,mlm,Joel,child,0.17659145780268629,0.15079615064822752,0.20552850108493176,331,175,156
roberta-base,mlm,Joel,mother,0.11181678692575851,0.09826943002928333,0.13373162896417426,445,275,170
roberta-base,mlm,Ruth,mother,0.1533325499853087,0.11759817333083519,0.19865419842512883,372,208,164
roberta-base,mlm,Ruth,child,0.2763549430708372,0.1665435364311535,0.37638862172205595,279,133,146
roberta-base,mlm,Aran,mother,0.14071809659308002,0.1683325009152858,0.11660343448532046,1079,503,576
roberta-base,mlm,Aran,child,0.27126913181757717,0.24998946564722604,0.2834527838209939,802,292,510
roberta-base,mlm,Anne,mother,0.13204364216538939,0.15290115582340577,0.11223828795006227,657,320,337
roberta-base,mlm,Anne,child,0.21230809097409592,0.15349887573142076,0.2588917345892615,500,221,279
roberta-base,mlm,John,mother,0.24360002612317846,0.30392987449655173,0.19018973025141067,526,247,279
roberta-base,mlm,John,child,0.3356669683160885,0.2887054485149734,0.36477667750787557,473,181,292
roberta-base,mlm,Nicole,mother,0.14686579341601458,0.13792582120207028,0.1764364707390613,280,215,65
roberta-base,mlm,Nicole,child,0.18327515580271825,0.12334249724989503,0.26942835247240154,234,138,96
roberta-base,mlm,Warren,mother,0.22999194133559098,0.2825972091235895,0.17626022241722847,944,477,467
roberta-base,mlm,Warren,child,0.2798621864640756,0.2529709998035752,0.29635404703321067,826,314,512
roberta-base-100M-1,mlm,Gail,mother,0.17386223946260804,0.14414544095971035,0.23086997536612605,286,188,98
roberta-base-100M-1,mlm,Gail,child,0.24512172033069193,0.15691734169018537,0.36936659777054526,224,131,93
roberta-base-100M-1,mlm,Dominic,child,0.2432670964743468,0.16535720032080553,0.40465188136382524,172,116,56
roberta-base-100M-1,mlm,Dominic,mother,0.22193333889311467,0.16595336242623127,0.42264203500608677,188,147,41
roberta-base-100M-1,mlm,Becky,mother,0.169644112148571,0.12853354817001492,0.24900728646011513,548,361,187
roberta-base-100M-1,mlm,Becky,child,0.2296675177739702,0.14675649495566684,0.34199858094715546,438,252,186
roberta-base-100M-1,mlm,Liz,mother,0.18898079976875395,0.13816759349201038,0.29023631300635244,410,273,137
roberta-base-100M-1,mlm,Liz,child,0.20145229477883292,0.12151814426626324,0.3126427477354203,373,217,156
roberta-base-100M-1,mlm,Carl,mother,0.21804773548470008,0.16775347042561572,0.2580316762066722,1077,477,600
roberta-base-100M-1,mlm,Carl,child,0.30369132307049157,0.2489633963066663,0.34896824240120655,910,412,498
roberta-base-100M-1,mlm,Joel,child,0.2151130314928999,0.14551042231679592,0.293192881530196,331,175,156
roberta-base-100M-1,mlm,Joel,mother,0.14800664255943663,0.10697479238189553,0.21438169431722368,445,275,170
roberta-base-100M-1,mlm,Ruth,mother,0.1815809121154218,0.08835303090975999,0.2998211516933343,372,208,164
roberta-base-100M-1,mlm,Ruth,child,0.3168141189976707,0.14330151378569347,0.4748769716907733,279,133,146
roberta-base-100M-1,mlm,Aran,mother,0.1659981459568935,0.1637896480280361,0.16792674744685054,1079,503,576
roberta-base-100M-1,mlm,Aran,child,0.29937454602049246,0.23690327623572527,0.335142410289418,802,292,510
roberta-base-100M-1,mlm,Anne,mother,0.1624839719238406,0.1360718532871324,0.1875637284928217,657,320,337
roberta-base-100M-1,mlm,Anne,child,0.26532206718054135,0.1599234989232404,0.3488098219649983,500,221,279
roberta-base-100M-1,mlm,John,mother,0.2635620845206336,0.23012705423926444,0.2931622726191935,526,247,279
roberta-base-100M-1,mlm,John,child,0.35402140840820817,0.2378294729694607,0.4260444916767469,473,181,292
roberta-base-100M-1,mlm,Nicole,mother,0.14635098933787136,0.11920318357527161,0.23614757762954752,280,215,65
roberta-base-100M-1,mlm,Nicole,child,0.21422864401618302,0.11929614529904121,0.3506941109220743,234,138,96
roberta-base-100M-1,mlm,Warren,mother,0.2527525737741215,0.24068836454028036,0.26507511725279864,944,477,467
roberta-base-100M-1,mlm,Warren,child,0.3195942919130162,0.20446361077213193,0.39020177995644906,826,314,512
roberta-base-100M-2,mlm,Gail,mother,0.17710140409292358,0.14538978303591205,0.23793594244719055,286,188,98
roberta-base-100M-2,mlm,Gail,child,0.26227561122948223,0.18375515886179355,0.37287968929579635,224,131,93
roberta-base-100M-2,mlm,Dominic,child,0.2598818892289348,0.17880596743945015,0.42782487007858166,172,116,56
roberta-base-100M-2,mlm,Dominic,mother,0.2148272808989903,0.16239326116799904,0.4028224248125444,188,147,41
roberta-base-100M-2,mlm,Becky,mother,0.17665474952756277,0.13871118204732533,0.2499040963744384,548,361,187
roberta-base-100M-2,mlm,Becky,child,0.24001910470883078,0.1692451346178336,0.3359064190256656,438,252,186
roberta-base-100M-2,mlm,Liz,mother,0.1887628990370891,0.14441257228974008,0.2771398275190329,410,273,137
roberta-base-100M-2,mlm,Liz,child,0.2239638827426107,0.1277192576731377,0.3578426240251469,373,217,156
roberta-base-100M-2,mlm,Carl,mother,0.23172254833790654,0.1867843973092652,0.2674483784056764,1077,477,600
roberta-base-100M-2,mlm,Carl,child,0.32501339160100645,0.2754181856746471,0.36604396357221136,910,412,498
roberta-base-100M-2,mlm,Joel,child,0.2303338828438264,0.14950104001944656,0.3210117513968166,331,175,156
roberta-base-100M-2,mlm,Joel,mother,0.15535141221404375,0.10670611733817305,0.23404233039559927,445,275,170
roberta-base-100M-2,mlm,Ruth,mother,0.17868280577084128,0.1016477617690257,0.2763857884072903,372,208,164
roberta-base-100M-2,mlm,Ruth,child,0.3114090274566053,0.15847892458034776,0.4507220663781275,279,133,146
roberta-base-100M-2,mlm,Aran,mother,0.1766589753898435,0.15129728792116412,0.19880642121752706,1079,503,576
roberta-base-100M-2,mlm,Aran,child,0.3262898607007629,0.23623974854029217,0.37784796413381666,802,292,510
roberta-base-100M-2,mlm,Anne,mother,0.16291328323790302,0.13546959359182448,0.18897257310955032,657,320,337
roberta-base-100M-2,mlm,Anne,child,0.27635052119189285,0.16429311404154837,0.3651128401174345,500,221,279
roberta-base-100M-2,mlm,John,mother,0.27889650634211016,0.25797916603085636,0.2974147251839728,526,247,279
roberta-base-100M-2,mlm,John,child,0.38803431693941387,0.2618697360414855,0.46623907427682837,473,181,292
roberta-base-100M-2,mlm,Nicole,mother,0.15952591702202826,0.1308654992293938,0.25432576048997296,280,215,65
roberta-base-100M-2,mlm,Nicole,child,0.232327885520623,0.13879912486771712,0.3667754789591752,234,138,96
roberta-base-100M-2,mlm,Warren,mother,0.2554936254076664,0.23666446752725248,0.2747259772469756,944,477,467
roberta-base-100M-2,mlm,Warren,child,0.33973226338855805,0.22131888094107263,0.41235297059268,826,314,512
roberta-base-100M-3,mlm,Gail,mother,0.18283719333370355,0.1429453897954098,0.25936432665206305,286,188,98
roberta-base-100M-3,mlm,Gail,child,0.2743296359685779,0.16646625774782595,0.42626622249458346,224,131,93
roberta-base-100M-3,mlm,Dominic,child,0.2569815255301312,0.1852479524227527,0.4055724983954154,172,116,56
roberta-base-100M-3,mlm,Dominic,mother,0.20696673410940222,0.1572895105017305,0.385077755336908,188,147,41
roberta-base-100M-3,mlm,Becky,mother,0.16569505514784538,0.10439015099952816,0.28404302518817975,548,361,187
roberta-base-100M-3,mlm,Becky,child,0.23287818912632052,0.13448088909128664,0.36619066014152774,438,252,186
roberta-base-100M-3,mlm,Liz,mother,0.18556886379634846,0.11258550223982818,0.3310028616425532,410,273,137
roberta-base-100M-3,mlm,Liz,child,0.21510688045966897,0.11227549668309894,0.35814797199502607,373,217,156
roberta-base-100M-3,mlm,Carl,mother,0.23067331438907626,0.15248157986464767,0.29283574333599693,1077,477,600
roberta-base-100M-3,mlm,Carl,child,0.31519466509949456,0.23618579311754528,0.38055943469098685,910,412,498
roberta-base-100M-3,mlm,Joel,child,0.2323473439471749,0.1331532220675823,0.34362280118389743,331,175,156
roberta-base-100M-3,mlm,Joel,mother,0.16264427338519924,0.11179470204726197,0.24490093290245066,445,275,170
roberta-base-100M-3,mlm,Ruth,mother,0.18357610460732296,0.11085210994601521,0.2758114149094694,372,208,164
roberta-base-100M-3,mlm,Ruth,child,0.31448090401756557,0.12837258657644668,0.4840179329194067,279,133,146
roberta-base-100M-3,mlm,Aran,mother,0.18492743505118941,0.1477019523354058,0.2174351048533407,1079,503,576
roberta-base-100M-3,mlm,Aran,child,0.3223765364989051,0.21584180350471882,0.3833728934289098,802,292,510
roberta-base-100M-3,mlm,Anne,mother,0.17483516422543882,0.12302814783633678,0.2240287702922419,657,320,337
roberta-base-100M-3,mlm,Anne,child,0.28741182613089855,0.15334222337773398,0.39361032867014367,500,221,279
roberta-base-100M-3,mlm,John,mother,0.29349329945317887,0.23622689856188295,0.3441915109949355,526,247,279
roberta-base-100M-3,mlm,John,child,0.3714720350753465,0.23344126098548232,0.45703220668584454,473,181,292
roberta-base-100M-3,mlm,Nicole,mother,0.1572377033753441,0.11578533234852686,0.294349392156355,280,215,65
roberta-base-100M-3,mlm,Nicole,child,0.22134884221927995,0.1188806828360716,0.3686468213326419,234,138,96
roberta-base-100M-3,mlm,Warren,mother,0.25741683277411154,0.20937239563799273,0.30649005871400176,944,477,467
roberta-base-100M-3,mlm,Warren,child,0.3391917607817797,0.20572804576348694,0.4210425547578421,826,314,512
roberta-base-10M-1,mlm,Gail,mother,0.24252754687967037,0.06529246819593953,0.5825295345586642,286,188,98
roberta-base-10M-1,mlm,Gail,child,0.33708379317030496,0.05800171112934841,0.7301994141097169,224,131,93
roberta-base-10M-1,mlm,Dominic,child,0.2733045581196595,0.042401173229917516,0.7516044268198393,172,116,56
roberta-base-10M-1,mlm,Dominic,mother,0.18790882379706714,0.06726375018444435,0.6204655511398854,188,147,41
roberta-base-10M-1,mlm,Becky,mother,0.23250719830740688,0.04817049969756407,0.5883657448215954,548,361,187
roberta-base-10M-1,mlm,Becky,child,0.3143107985342464,0.04188111718233227,0.6834090764949043,438,252,186
roberta-base-10M-1,mlm,Liz,mother,0.23211420939586702,0.05730127712618652,0.5804640671303398,410,273,137
roberta-base-10M-1,mlm,Liz,child,0.29081856773426595,0.0327684511815507,0.6497728965287481,373,217,156
roberta-base-10M-1,mlm,Carl,mother,0.3457634948974061,0.06482186513770533,0.5691120905563681,1077,477,600
roberta-base-10M-1,mlm,Carl,child,0.3884506464253957,0.08840017195089582,0.6366851755087168,910,412,498
roberta-base-10M-1,mlm,Joel,child,0.32806162536121614,0.0492056271239313,0.6408808541530421,331,175,156
roberta-base-10M-1,mlm,Joel,mother,0.23967521168655395,0.062240548154618075,0.5267018732823325,445,275,170
roberta-base-10M-1,mlm,Ruth,mother,0.2613158561468893,0.04377687493178443,0.5372189542733636,372,208,164
roberta-base-10M-1,mlm,Ruth,child,0.3777444971549547,0.040748793526195384,0.6847337340222491,279,133,146
roberta-base-10M-1,mlm,Aran,mother,0.27706778448404723,0.07369208594645926,0.4546684378944755,1079,503,576
roberta-base-10M-1,mlm,Aran,child,0.4540783791123225,0.08891164747944504,0.663154233302127,802,292,510
roberta-base-10M-1,mlm,Anne,mother,0.2739681677072116,0.06922595631356512,0.46838213698307785,657,320,337
roberta-base-10M-1,mlm,Anne,child,0.38801634718619754,0.05231980636772717,0.6539265103434805,500,221,279
roberta-base-10M-1,mlm,John,mother,0.36402263835133164,0.1025540945797077,0.5955019584645613,526,247,279
roberta-base-10M-1,mlm,John,child,0.4870555212119918,0.08631860621935417,0.73545751303962,473,181,292
roberta-base-10M-1,mlm,Nicole,mother,0.18974835803138237,0.051610384329976694,0.6466662710437242,280,215,65
roberta-base-10M-1,mlm,Nicole,child,0.3193548948642985,0.034398878380471086,0.7289791685598005,234,138,96
roberta-base-10M-1,mlm,Warren,mother,0.3172022843977955,0.12163644365320674,0.5169558305116475,944,477,467
roberta-base-10M-1,mlm,Warren,child,0.44503776757511243,0.08692946076910764,0.6646588776084825,826,314,512
roberta-base-10M-2,mlm,Gail,mother,0.22185695650297318,0.10349108705482922,0.44892617544431046,286,188,98
roberta-base-10M-2,mlm,Gail,child,0.3062344532566578,0.10172522829478749,0.5943065873427332,224,131,93
roberta-base-10M-2,mlm,Dominic,child,0.2716225791011928,0.10857899038076607,0.6093557271649338,172,116,56
roberta-base-10M-2,mlm,Dominic,mother,0.2355054355041839,0.1659181113637928,0.48500145132461064,188,147,41
roberta-base-10M-2,mlm,Becky,mother,0.21540719624923763,0.0968508787751512,0.44427794816445254,548,361,187
roberta-base-10M-2,mlm,Becky,child,0.3010865330196484,0.09245293629012975,0.5837514060080284,438,252,186
roberta-base-10M-2,mlm,Liz,mother,0.2299899571725865,0.10831605762364008,0.4724496256168374,410,273,137
roberta-base-10M-2,mlm,Liz,child,0.2648304968191971,0.08518251388499441,0.5147254474392099,373,217,156
roberta-base-10M-2,mlm,Carl,mother,0.27950628538573646,0.1454656198038686,0.3860686145233214,1077,477,600
roberta-base-10M-2,mlm,Carl,child,0.35914018080756294,0.1761724096117931,0.5105111079815733,910,412,498
roberta-base-10M-2,mlm,Joel,child,0.30059708975289356,0.08626316399814948,0.5410357885162284,331,175,156
roberta-base-10M-2,mlm,Joel,mother,0.21321439474159581,0.10525779642581447,0.3878500684877127,445,275,170
roberta-base-10M-2,mlm,Ruth,mother,0.2329324841367122,0.0668217426444451,0.4436095221269046,372,208,164
roberta-base-10M-2,mlm,Ruth,child,0.3603566835702741,0.08089392915328707,0.6149357680734198,279,133,146
roberta-base-10M-2,mlm,Aran,mother,0.2667249016581307,0.1302942862511007,0.3858648314319781,1079,503,576
roberta-base-10M-2,mlm,Aran,child,0.4097416754697578,0.12570368210748153,0.572367350100708,802,292,510
roberta-base-10M-2,mlm,Anne,mother,0.2468790546492453,0.1124415448631817,0.37453485029179834,657,320,337
roberta-base-10M-2,mlm,Anne,child,0.35053905230179205,0.11576722469078957,0.536505267004414,500,221,279
roberta-base-10M-2,mlm,John,mother,0.33899911766936347,0.1857017686360712,0.4747139750572604,526,247,279
roberta-base-10M-2,mlm,John,child,0.4329441658265314,0.16069860972099015,0.6016991167001717,473,181,292
roberta-base-10M-2,mlm,Nicole,mother,0.17980911723995666,0.0998384445745032,0.44432749605645666,280,215,65
roberta-base-10M-2,mlm,Nicole,child,0.30226263361698913,0.046919056944733924,0.6693190250833562,234,138,96
roberta-base-10M-2,mlm,Warren,mother,0.2994586429474094,0.21399032792895928,0.38675711460437034,944,477,467
roberta-base-10M-2,mlm,Warren,child,0.3943639436979998,0.1588420773924916,0.5388050882681747,826,314,512
roberta-base-10M-3,mlm,Gail,mother,0.24059591384448986,0.0937557744121913,0.5222892425513482,286,188,98
roberta-base-10M-3,mlm,Gail,child,0.3164714988991729,0.11205684524492224,0.604410419637956,224,131,93
roberta-base-10M-3,mlm,Dominic,child,0.28540624053210734,0.0878913563038623,0.6945442150049006,172,116,56
roberta-base-10M-3,mlm,Dominic,mother,0.1814984698964295,0.06139952286532931,0.6120971336420814,188,147,41
roberta-base-10M-3,mlm,Becky,mother,0.23299337258202282,0.09188161539420506,0.5054069787039599,548,361,187
roberta-base-10M-3,mlm,Becky,child,0.2882066498932702,0.09274939242868252,0.5530197083936794,438,252,186
roberta-base-10M-3,mlm,Liz,mother,0.2276810362880213,0.1019265736821748,0.47827204571427034,410,273,137
roberta-base-10M-3,mlm,Liz,child,0.2692751570096071,0.08203295295261315,0.5297338639350408,373,217,156
roberta-base-10M-3,mlm,Carl,mother,0.31907549627495446,0.09402310018872055,0.4979921511635105,1077,477,600
roberta-base-10M-3,mlm,Carl,child,0.37584340087268675,0.12826163532005927,0.5806700824142179,910,412,498
roberta-base-10M-3,mlm,Joel,child,0.32718578630021966,0.090674833228244,0.5925025605796795,331,175,156
roberta-base-10M-3,mlm,Joel,mother,0.24542581882879716,0.08913405136271814,0.49825073678863085,445,275,170
roberta-base-10M-3,mlm,Ruth,mother,0.24932513835409015,0.0721886333180445,0.47398607157053835,372,208,164
roberta-base-10M-3,mlm,Ruth,child,0.3521852557491883,0.07619446738683167,0.6036015218601022,279,133,146
roberta-base-10M-3,mlm,Aran,mother,0.2820379263465535,0.0996705921198483,0.44129273383966594,1079,503,576
roberta-base-10M-3,mlm,Aran,child,0.4151457113477196,0.12508428018769938,0.581220099384437,802,292,510
roberta-base-10M-3,mlm,Anne,mother,0.2733071878045447,0.0875334618811631,0.44970953882971426,657,320,337
roberta-base-10M-3,mlm,Anne,child,0.3797679499207738,0.09070186562755497,0.6087414432139686,500,221,279
roberta-base-10M-3,mlm,John,mother,0.3542113532383036,0.11964951665126212,0.5618700401092686,526,247,279
roberta-base-10M-3,mlm,John,child,0.4613169927412132,0.10692496010671688,0.6809915061208154,473,181,292
roberta-base-10M-3,mlm,Nicole,mother,0.19155761178380892,0.07887498616712167,0.5642770657466976,280,215,65
roberta-base-10M-3,mlm,Nicole,child,0.2671189242000676,0.04399553516640804,0.5878587959359534,234,138,96
roberta-base-10M-3,mlm,Warren,mother,0.31836886888669613,0.1423426310623429,0.4981644051655323,944,477,467
roberta-base-10M-3,mlm,Warren,child,0.4268394033338457,0.10314918186272615,0.6253525469704309,826,314,512
roberta-base-1B-1,mlm,Gail,mother,0.16463062242480334,0.09503491741168554,0.2981407504091517,286,188,98
roberta-base-1B-1,mlm,Gail,child,0.25562666827143266,0.12527985411740294,0.43923347100452825,224,131,93
roberta-base-1B-1,mlm,Dominic,child,0.23874144646300893,0.1167755558950962,0.49138507692511396,172,116,56
roberta-base-1B-1,mlm,Dominic,mother,0.1781836654091213,0.09695275907338183,0.4694261832470164,188,147,41
roberta-base-1B-1,mlm,Becky,mother,0.1661232918728902,0.08536394243327365,0.3220277044274442,548,361,187
roberta-base-1B-1,mlm,Becky,child,0.23751965648162707,0.10210616253213911,0.42098309989706234,438,252,186
roberta-base-1B-1,mlm,Liz,mother,0.1730102768106714,0.08367580510633515,0.35102714378354577,410,273,137
roberta-base-1B-1,mlm,Liz,child,0.21280414703613076,0.08649378300327078,0.38850510213312184,373,217,156
roberta-base-1B-1,mlm,Carl,mother,0.23849036955823036,0.102311067161181,0.3467529149638846,1077,477,600
roberta-base-1B-1,mlm,Carl,child,0.31491204680341667,0.17776235951323102,0.4283772499430883,910,412,498
roberta-base-1B-1,mlm,Joel,child,0.22218520034839512,0.10178531755779333,0.3572491714275958,331,175,156
roberta-base-1B-1,mlm,Joel,mother,0.14528497170133747,0.06982407796060257,0.2673540645172321,445,275,170
roberta-base-1B-1,mlm,Ruth,mother,0.17017845955258507,0.06423566696289448,0.30454492820292434,372,208,164
roberta-base-1B-1,mlm,Ruth,child,0.31467166152963577,0.11436856686877442,0.4971395491316532,279,133,146
roberta-base-1B-1,mlm,Aran,mother,0.17146433019150034,0.1116667220313226,0.2236834220397111,1079,503,576
roberta-base-1B-1,mlm,Aran,child,0.32405574686698685,0.1805233638689901,0.4062350720344674,802,292,510
roberta-base-1B-1,mlm,Anne,mother,0.16774469956925384,0.10265808167463628,0.2295480162644396,657,320,337
roberta-base-1B-1,mlm,Anne,child,0.2811371920689382,0.11729389882453399,0.41091987238081396,500,221,279
roberta-base-1B-1,mlm,John,mother,0.28056179405764375,0.16851674640454156,0.37975579681863386,526,247,279
roberta-base-1B-1,mlm,John,child,0.3762274222925466,0.19151119861762814,0.49072617737871194,473,181,292
roberta-base-1B-1,mlm,Nicole,mother,0.12599804010965768,0.07205130181475285,0.3044372513928044,280,215,65
roberta-base-1B-1,mlm,Nicole,child,0.21614324023098977,0.08475488439614756,0.4050140017435755,234,138,96
roberta-base-1B-1,mlm,Warren,mother,0.24351828314694232,0.17446550250706197,0.31404971005320126,944,477,467
roberta-base-1B-1,mlm,Warren,child,0.338895429272875,0.18624717868428803,0.4325117392041569,826,314,512
roberta-base-1B-2,mlm,Gail,mother,0.1902621313118338,0.1675881477454633,0.23375916101058544,286,188,98
roberta-base-1B-2,mlm,Gail,child,0.2665987544308598,0.1744209782024252,0.3964405682580095,224,131,93
roberta-base-1B-2,mlm,Dominic,child,0.2587319858555977,0.1566230124349009,0.47024343079846975,172,116,56
roberta-base-1B-2,mlm,Dominic,mother,0.21103548297102445,0.1663636347586036,0.37120040217165534,188,147,41
roberta-base-1B-2,mlm,Becky,mother,0.1844541469054111,0.14831334479466798,0.2542232889480756,548,361,187
roberta-base-1B-2,mlm,Becky,child,0.2431546041704491,0.16206307090647748,0.35302055246357184,438,252,186
roberta-base-1B-2,mlm,Liz,mother,0.19127596876277284,0.14299160428811783,0.28749225709547954,410,273,137
roberta-base-1B-2,mlm,Liz,child,0.214495354178527,0.12194563400945141,0.34323438800345907,373,217,156
roberta-base-1B-2,mlm,Carl,mother,0.23360976245271162,0.1765316226751985,0.27898688357583457,1077,477,600
roberta-base-1B-2,mlm,Carl,child,0.3084450154565011,0.24271660755602528,0.36282273444243685,910,412,498
roberta-base-1B-2,mlm,Joel,child,0.23912600784344262,0.1440980080028988,0.3457279307414886,331,175,156
roberta-base-1B-2,mlm,Joel,mother,0.16704182585726812,0.1277702592855335,0.23056936001742706,445,275,170
roberta-base-1B-2,mlm,Ruth,mother,0.17661822568799457,0.1209777578436743,0.2471866239295715,372,208,164
roberta-base-1B-2,mlm,Ruth,child,0.30887038103370973,0.1785557216997879,0.4275816802899536,279,133,146
roberta-base-1B-2,mlm,Aran,mother,0.17938563717242842,0.1693438241627124,0.18815478985278805,1079,503,576
roberta-base-1B-2,mlm,Aran,child,0.3283627209016898,0.23026200558609056,0.3845301892784642,802,292,510
roberta-base-1B-2,mlm,Anne,mother,0.17670504833801803,0.15057940349095983,0.20151278231742048,657,320,337
roberta-base-1B-2,mlm,Anne,child,0.2711635809185599,0.15729004827059695,0.3613644795393478,500,221,279
roberta-base-1B-2,mlm,John,mother,0.29269966618152804,0.26690076973221466,0.315539549418017,526,247,279
roberta-base-1B-2,mlm,John,child,0.37394382593642106,0.26389191523812505,0.44216093496515935,473,181,292
roberta-base-1B-2,mlm,Nicole,mother,0.16386155895831855,0.13410751899981088,0.2622787680518439,280,215,65
roberta-base-1B-2,mlm,Nicole,child,0.24157287391183976,0.13955695570800306,0.388220756329855,234,138,96
roberta-base-1B-2,mlm,Warren,mother,0.2573233082679577,0.2498495089113156,0.26495714615472055,944,477,467
roberta-base-1B-2,mlm,Warren,child,0.3387889566619906,0.20993168088834221,0.41781470782004837,826,314,512
roberta-base-1B-3,mlm,Gail,mother,0.17936450652470254,0.12343384806712009,0.28666005540251377,286,188,98
roberta-base-1B-3,mlm,Gail,child,0.2742587781266203,0.15012688327078308,0.4491112321708642,224,131,93
roberta-base-1B-3,mlm,Dominic,child,0.24608314202854156,0.11688677272248914,0.513704192733936,172,116,56
roberta-base-1B-3,mlm,Dominic,mother,0.19965671737594268,0.12492255267300204,0.46760603960355906,188,147,41
roberta-base-1B-3,mlm,Becky,mother,0.17000966254051997,0.09865268279000734,0.30776297639044004,548,361,187
roberta-base-1B-3,mlm,Becky,child,0.2343569869636121,0.11967753644069219,0.38972914573660045,438,252,186
roberta-base-1B-3,mlm,Liz,mother,0.18961660590853283,0.11140078996928582,0.3454773194225068,410,273,137
roberta-base-1B-3,mlm,Liz,child,0.210587937499109,0.09768132558748566,0.36764392970950804,373,217,156
roberta-base-1B-3,mlm,Carl,mother,0.2349650552749489,0.1208947846082511,0.3256509204549737,1077,477,600
roberta-base-1B-3,mlm,Carl,child,0.3181481458952728,0.1693676904361693,0.4412355909738886,910,412,498
roberta-base-1B-3,mlm,Joel,child,0.22084527872206092,0.11131565860370538,0.3437150448804726,331,175,156
roberta-base-1B-3,mlm,Joel,mother,0.1506283078354815,0.08711966582903165,0.25336287578709166,445,275,170
roberta-base-1B-3,mlm,Ruth,mother,0.17972843312343922,0.0749137302818757,0.3126641538005442,372,208,164
roberta-base-1B-3,mlm,Ruth,child,0.3250861479646678,0.0965462339048175,0.5332766176219288,279,133,146
roberta-base-1B-3,mlm,Aran,mother,0.16916324312999534,0.12589439304523442,0.20694836742276396,1079,503,576
roberta-base-1B-3,mlm,Aran,child,0.3326046998085633,0.19078124324779716,0.41380558081982544,802,292,510
roberta-base-1B-3,mlm,Anne,mother,0.1663462867207787,0.11918905845045794,0.21112466371336813,657,320,337
roberta-base-1B-3,mlm,Anne,child,0.2746294301098505,0.12291655404056864,0.3948034287167011,500,221,279
roberta-base-1B-3,mlm,John,mother,0.2802070634179836,0.2089594580666105,0.3432829004136437,526,247,279
roberta-base-1B-3,mlm,John,child,0.3987692897379067,0.21021102794289126,0.5156495821519402,473,181,292
roberta-base-1B-3,mlm,Nicole,mother,0.14345878585313437,0.09201589333575494,0.31361604571831253,280,215,65
roberta-base-1B-3,mlm,Nicole,child,0.23236989147910703,0.09214634281682674,0.43394124268113493,234,138,96
roberta-base-1B-3,mlm,Warren,mother,0.2516759821436819,0.210156153807834,0.29408488603276,944,477,467
roberta-base-1B-3,mlm,Warren,child,0.35039700439964344,0.18926013756960905,0.4492192235102505,826,314,512
roberta-base-strict-2023,mlm,Gail,mother,0.3810555234685697,0.163112519981922,0.7991502648511183,286,188,98
roberta-base-strict-2023,mlm,Gail,child,0.4393424700707524,0.16199843097908462,0.8300098799740693,224,131,93
roberta-base-strict-2023,mlm,Dominic,child,0.3699914698158611,0.1524890802807661,0.8205321338528437,172,116,56
roberta-base-strict-2023,mlm,Dominic,mother,0.29412252587694326,0.15911644696578878,0.7781687112413262,188,147,41
roberta-base-strict-2023,mlm,Becky,mother,0.3747276650071759,0.13529076576581248,0.8369561175533375,548,361,187
roberta-base-strict-2023,mlm,Becky,child,0.4273585194067081,0.12375083351702856,0.8386979648056289,438,252,186
roberta-base-strict-2023,mlm,Liz,mother,0.35480778485402753,0.12170180317290061,0.8193182447003606,410,273,137
roberta-base-strict-2023,mlm,Liz,child,0.41774012533938376,0.12067637237847526,0.8309634227273143,373,217,156
roberta-base-strict-2023,mlm,Carl,mother,0.5097460029527975,0.13834911143616835,0.8050065317085178,1077,477,600
roberta-base-strict-2023,mlm,Carl,child,0.5043954252172058,0.1373041639730452,0.8080934164473147,910,412,498
roberta-base-strict-2023,mlm,Joel,child,0.4520814485246808,0.13741092031879182,0.8050772333710304,331,175,156
roberta-base-strict-2023,mlm,Joel,mother,0.39426636407018406,0.14451765574321132,0.7982716275402869,445,275,170
roberta-base-strict-2023,mlm,Ruth,mother,0.4365743510912046,0.13142615969456375,0.8235915694479198,372,208,164
roberta-base-strict-2023,mlm,Ruth,child,0.4921375922260176,0.12419730317037618,0.8273160747219103,279,133,146
roberta-base-strict-2023,mlm,Aran,mother,0.4945795102642976,0.1545506672766619,0.7915144200260698,1079,503,576
roberta-base-strict-2023,mlm,Aran,child,0.5655328268433574,0.1585488186335418,0.7985511217399577,802,292,510
roberta-base-strict-2023,mlm,Anne,mother,0.48467449926752143,0.17768545220723533,0.776177451965716,657,320,337
roberta-base-strict-2023,mlm,Anne,child,0.5212902964668058,0.18284335690537018,0.7893790908864375,500,221,279
roberta-base-strict-2023,mlm,John,mother,0.5008370973626134,0.16108237748300203,0.8016235339585417,526,247,279
roberta-base-strict-2023,mlm,John,child,0.5536327348304227,0.14839351332714842,0.8048255399403292,473,181,292
roberta-base-strict-2023,mlm,Nicole,mother,0.3093195431068084,0.15989130746677951,0.8035821686853656,280,215,65
roberta-base-strict-2023,mlm,Nicole,child,0.4190277869118109,0.15315036940163093,0.8012265745826949,234,138,96
roberta-base-strict-2023,mlm,Warren,mother,0.4629104429843276,0.20050034810886977,0.7309395977072257,944,477,467
roberta-base-strict-2023,mlm,Warren,child,0.5356165535498465,0.18428280866650207,0.751082951779085,826,314,512
roberta-base-strict-small-2023,mlm,Gail,mother,0.4034169080445163,0.21124492980285203,0.772073356099954,286,188,98
roberta-base-strict-small-2023,mlm,Gail,child,0.44862502564883816,0.21481867722774445,0.7779651508441422,224,131,93
roberta-base-strict-small-2023,mlm,Dominic,child,0.3967780446112516,0.21195984630600676,0.7796157411006874,172,116,56
roberta-base-strict-small-2023,mlm,Dominic,mother,0.3393639045753733,0.2154270382725718,0.7837229130268811,188,147,41
roberta-base-strict-small-2023,mlm,Becky,mother,0.4065310747102806,0.21943664469878704,0.7677133700800624,548,361,187
roberta-base-strict-small-2023,mlm,Becky,child,0.44909050591990607,0.2131030468123001,0.7688154505173079,438,252,186
roberta-base-strict-small-2023,mlm,Liz,mother,0.3934060144073288,0.2055039338499117,0.7678386274888971,410,273,137
roberta-base-strict-small-2023,mlm,Liz,child,0.4361052185986451,0.20154128146323433,0.7623896696139281,373,217,156
roberta-base-strict-small-2023,mlm,Carl,mother,0.5024799361307788,0.2512691903941394,0.7021924789914072,1077,477,600
roberta-base-strict-small-2023,mlm,Carl,child,0.5056034089498571,0.25627834222605816,0.7118723396530806,910,412,498
roberta-base-strict-small-2023,mlm,Joel,child,0.46416216145275585,0.2058102833875319,0.7539799733848981,331,175,156
roberta-base-strict-small-2023,mlm,Joel,mother,0.42198475277644937,0.21541823933842258,0.7561364656909046,445,275,170
roberta-base-strict-small-2023,mlm,Ruth,mother,0.45153531319177487,0.17444902123631872,0.8029618298182071,372,208,164
roberta-base-strict-small-2023,mlm,Ruth,child,0.5008266355062123,0.1669505808365551,0.8049740003765163,279,133,146
roberta-base-strict-small-2023,mlm,Aran,mother,0.5094936064395937,0.1952143834537497,0.7839423029011902,1079,503,576
roberta-base-strict-small-2023,mlm,Aran,child,0.569421202354768,0.18510979904711072,0.7894583195426816,802,292,510
roberta-base-strict-small-2023,mlm,Anne,mother,0.49334745034428,0.20691658255118753,0.765329283263537,657,320,337
roberta-base-strict-small-2023,mlm,Anne,child,0.5279695791537538,0.2122406753975261,0.7780630835628087,500,221,279
roberta-base-strict-small-2023,mlm,John,mother,0.5034715000500964,0.20521922101423462,0.7675156323865046,526,247,279
roberta-base-strict-small-2023,mlm,John,child,0.5510456776858427,0.20224232408670842,0.7672559756359908,473,181,292
roberta-base-strict-small-2023,mlm,Nicole,mother,0.33616305179485356,0.20708134901420552,0.7631256071462281,280,215,65
roberta-base-strict-small-2023,mlm,Nicole,child,0.43897990029188333,0.20902441036577646,0.7695409170606619,234,138,96
roberta-base-strict-small-2023,mlm,Warren,mother,0.48618593121516657,0.2227504302843484,0.7552624492965376,944,477,467
roberta-base-strict-small-2023,mlm,Warren,child,0.5559571211204161,0.2216156476406466,0.7610024779029309,826,314,512
roberta-large,mlm,Gail,mother,0.1867177358641766,0.14368485597132183,0.2692706074953673,286,188,98
roberta-large,mlm,Gail,child,0.25850876781182514,0.1621643105599166,0.3942197774892447,224,131,93
roberta-large,mlm,Dominic,child,0.257579911877913,0.16142394764802792,0.4567601234969609,172,116,56
roberta-large,mlm,Dominic,mother,0.20784844387731402,0.14705641521962828,0.42581010760121163,188,147,41
roberta-large,mlm,Becky,mother,0.1684648134489267,0.11274054960531567,0.27603946183151273,548,361,187
roberta-large,mlm,Becky,child,0.22521108317589467,0.13477054811262082,0.34774342100355615,438,252,186
roberta-large,mlm,Liz,mother,0.16996746127440113,0.11623969841507205,0.2770308135415314,410,273,137
roberta-large,mlm,Liz,child,0.21381785156646327,0.11218164343361357,0.35519642313587596,373,217,156
roberta-large,mlm,Carl,mother,0.22225686724488733,0.1268748766508343,0.2980855497671595,1077,477,600
roberta-large,mlm,Carl,child,0.30989623045559955,0.21316103427028893,0.3899261517976637,910,412,498
roberta-large,mlm,Joel,child,0.2070932488157769,0.11847319937156921,0.306506765820497,331,175,156
roberta-large,mlm,Joel,mother,0.13425922856314929,0.0788645664373403,0.22386824082548726,445,275,170
roberta-large,mlm,Ruth,mother,0.16632985174600756,0.08412966488055482,0.2705837472826793,372,208,164
roberta-large,mlm,Ruth,child,0.33118815810977276,0.13877689115760466,0.5064669149908574,279,133,146
roberta-large,mlm,Aran,mother,0.15433983776067567,0.13390376755947492,0.1721859198981826,1079,503,576
roberta-large,mlm,Aran,child,0.30626189674012017,0.2441629001845279,0.3418166163366554,802,292,510
roberta-large,mlm,Anne,mother,0.15781176233899935,0.13192573400631488,0.18239196728398158,657,320,337
roberta-large,mlm,Anne,child,0.23855616894708184,0.14432989931463422,0.31319418181006003,500,221,279
roberta-large,mlm,John,mother,0.2610393346959081,0.2614273079768713,0.2606958601425106,526,247,279
roberta-large,mlm,John,child,0.35874462635517457,0.2502823439454679,0.4259763836022873,473,181,292
roberta-large,mlm,Nicole,mother,0.13151648186798667,0.10501359184132689,0.21917988734078428,280,215,65
roberta-large,mlm,Nicole,child,0.20734226612252235,0.12443832774675188,0.32651667753769237,234,138,96
roberta-large,mlm,Warren,mother,0.24499129680504111,0.24052007897432515,0.24955825805825635,944,477,467
roberta-large,mlm,Warren,child,0.32307896390561736,0.21362541918448946,0.3902047706291215,826,314,512
roberta-med-small-1M-1,mlm,Gail,mother,0.41225170088921914,0.3108782837396663,0.6067231541965246,286,188,98
roberta-med-small-1M-1,mlm,Gail,child,0.41988611480440713,0.2579329711218791,0.6480136612819465,224,131,93
roberta-med-small-1M-1,mlm,Dominic,child,0.44267946801594843,0.3159522301992197,0.7051858892077435,172,116,56
roberta-med-small-1M-1,mlm,Dominic,mother,0.4117168439063163,0.363997013990826,0.5828098926277083,188,147,41
roberta-med-small-1M-1,mlm,Becky,mother,0.3940880558239016,0.28768578412791534,0.5994956498466345,548,361,187
roberta-med-small-1M-1,mlm,Becky,child,0.4400751189739979,0.24347651611699594,0.7064345163931622,438,252,186
roberta-med-small-1M-1,mlm,Liz,mother,0.41349516173023726,0.29041233421005946,0.6587624019711755,410,273,137
roberta-med-small-1M-1,mlm,Liz,child,0.4404037332275388,0.2336492481255033,0.7280045234015239,373,217,156
roberta-med-small-1M-1,mlm,Carl,mother,0.4713825527523341,0.30287554603791766,0.605345623090295,1077,477,600
roberta-med-small-1M-1,mlm,Carl,child,0.4898691347657222,0.2532898236920089,0.6855933840877502,910,412,498
roberta-med-small-1M-1,mlm,Joel,child,0.4648311524267419,0.2956684713230546,0.6545969805879295,331,175,156
roberta-med-small-1M-1,mlm,Joel,mother,0.4033931843286312,0.31221369111410335,0.550889423352132,445,275,170
roberta-med-small-1M-1,mlm,Ruth,mother,0.4661178889326272,0.3428269258014148,0.6224869153429454,372,208,164
roberta-med-small-1M-1,mlm,Ruth,child,0.4997844057191802,0.30369913322378184,0.6784100306636185,279,133,146
roberta-med-small-1M-1,mlm,Aran,mother,0.47646753637312145,0.2999147145008201,0.6306447401956348,1079,503,576
roberta-med-small-1M-1,mlm,Aran,child,0.5433505902101653,0.26445328745569113,0.7030329674735112,802,292,510
roberta-med-small-1M-1,mlm,Anne,mother,0.46739868432627485,0.3026305240647261,0.6238550976310097,657,320,337
roberta-med-small-1M-1,mlm,Anne,child,0.4851228552470194,0.2612539740580705,0.6624526858662227,500,221,279
roberta-med-small-1M-1,mlm,John,mother,0.4602219080134897,0.32665900486869154,0.5784657685036874,526,247,279
roberta-med-small-1M-1,mlm,John,child,0.5385366345154422,0.23958290249294315,0.723846995803361,473,181,292
roberta-med-small-1M-1,mlm,Nicole,mother,0.37628341519144853,0.2937306273369215,0.6493426365564225,280,215,65
roberta-med-small-1M-1,mlm,Nicole,child,0.4305099226529055,0.2385274948532948,0.7064846626148459,234,138,96
roberta-med-small-1M-1,mlm,Warren,mother,0.45239450577391316,0.37342100805821515,0.5330590848111465,944,477,467
roberta-med-small-1M-1,mlm,Warren,child,0.5069800210049697,0.31999211122701793,0.6216562000484793,826,314,512
roberta-med-small-1M-2,mlm,Gail,mother,0.4118481436313195,0.34113002438599344,0.5475114744284754,286,188,98
roberta-med-small-1M-2,mlm,Gail,child,0.43479767784304396,0.4074739673234351,0.4732859152416329,224,131,93
roberta-med-small-1M-2,mlm,Dominic,child,0.48098200058956686,0.4903852520586045,0.46150383683227475,172,116,56
roberta-med-small-1M-2,mlm,Dominic,mother,0.4349836660800523,0.43249478727227336,0.44390720717135757,188,147,41
roberta-med-small-1M-2,mlm,Becky,mother,0.42547024796340605,0.37312055272902644,0.526530354806246,548,361,187
roberta-med-small-1M-2,mlm,Becky,child,0.45229134344347555,0.3935047990386988,0.5319376294112377,438,252,186
roberta-med-small-1M-2,mlm,Liz,mother,0.405517033028454,0.3646331996508386,0.486986277642242,410,273,137
roberta-med-small-1M-2,mlm,Liz,child,0.4157845888946815,0.36332826098305043,0.4887526860538091,373,217,156
roberta-med-small-1M-2,mlm,Carl,mother,0.4567595005046084,0.4061976670665303,0.49695615808788035,1077,477,600
roberta-med-small-1M-2,mlm,Carl,child,0.4782376828729534,0.42177203420128845,0.5249522355892706,910,412,498
roberta-med-small-1M-2,mlm,Joel,child,0.45139588360269456,0.4122217404345043,0.4953412365157284,331,175,156
roberta-med-small-1M-2,mlm,Joel,mother,0.4143632172877668,0.3846970020677408,0.4623526830848677,445,275,170
roberta-med-small-1M-2,mlm,Ruth,mother,0.41891794433022633,0.3252104512864997,0.5377664720930017,372,208,164
roberta-med-small-1M-2,mlm,Ruth,child,0.4744468623069134,0.29656759434600277,0.6364875653124005,279,133,146
roberta-med-small-1M-2,mlm,Aran,mother,0.4702283564129197,0.40367603333310437,0.5283460968801889,1079,503,576
roberta-med-small-1M-2,mlm,Aran,child,0.4789796133609733,0.349159061405541,0.5533082431080051,802,292,510
roberta-med-small-1M-2,mlm,Anne,mother,0.4482366898937786,0.39023703366040674,0.503310547444755,657,320,337
roberta-med-small-1M-2,mlm,Anne,child,0.4550599794579298,0.38432424565383005,0.5110907936898511,500,221,279
roberta-med-small-1M-2,mlm,John,mother,0.42863916289363296,0.4019760099116994,0.4522441764654523,526,247,279
roberta-med-small-1M-2,mlm,John,child,0.4656986710749334,0.4060127997559633,0.5026957351459388,473,181,292
roberta-med-small-1M-2,mlm,Nicole,mother,0.3968952800796719,0.36789546145579827,0.49281775706633096,280,215,65
roberta-med-small-1M-2,mlm,Nicole,child,0.4538831634770215,0.37173260589465934,0.5719745900016672,234,138,96
roberta-med-small-1M-2,mlm,Warren,mother,0.4613159241693612,0.44453866100035266,0.4784524435090125,944,477,467
roberta-med-small-1M-2,mlm,Warren,child,0.4636363502871217,0.4129000034304135,0.4947520005078372,826,314,512
roberta-med-small-1M-3,mlm,Gail,mother,0.3750085851576225,0.19880515959789108,0.7130314831701685,286,188,98
roberta-med-small-1M-3,mlm,Gail,child,0.4272735746241539,0.20662801582750076,0.7380753832516974,224,131,93
roberta-med-small-1M-3,mlm,Dominic,child,0.4205768119153064,0.28768525588734845,0.6958521779732193,172,116,56
roberta-med-small-1M-3,mlm,Dominic,mother,0.35637896340873026,0.2810158197428375,0.6265834053327853,188,147,41
roberta-med-small-1M-3,mlm,Becky,mother,0.37242502751474127,0.18961281591963114,0.7253405803801677,548,361,187
roberta-med-small-1M-3,mlm,Becky,child,0.427429358123861,0.19978090203934304,0.735856298625466,438,252,186
roberta-med-small-1M-3,mlm,Liz,mother,0.37742460831015195,0.21412005311710577,0.7028417146437406,410,273,137
roberta-med-small-1M-3,mlm,Liz,child,0.41670531126212856,0.18909824106045744,0.7333125819913761,373,217,156
roberta-med-small-1M-3,mlm,Carl,mother,0.4826559685567669,0.21838823617589118,0.692748815799563,1077,477,600
roberta-med-small-1M-3,mlm,Carl,child,0.5076151757974674,0.23843580892356375,0.7303097524080062,910,412,498
roberta-med-small-1M-3,mlm,Joel,child,0.4740006383575263,0.2416739055816117,0.7346235757664049,331,175,156
roberta-med-small-1M-3,mlm,Joel,mother,0.3969577429851965,0.20896261255445042,0.7010675127996386,445,275,170
roberta-med-small-1M-3,mlm,Ruth,mother,0.443658841414088,0.21026305503415668,0.7396730095057084,372,208,164
roberta-med-small-1M-3,mlm,Ruth,child,0.5016231560841152,0.18271744493983239,0.7921331532224004,279,133,146
roberta-med-small-1M-3,mlm,Aran,mother,0.49977947753009483,0.25257320146417966,0.7156557915251563,1079,503,576
roberta-med-small-1M-3,mlm,Aran,child,0.549308469655158,0.19001707715591654,0.7550204041841356,802,292,510
roberta-med-small-1M-3,mlm,Anne,mother,0.4741589256569142,0.21149742864923143,0.7235704361686602,657,320,337
roberta-med-small-1M-3,mlm,Anne,child,0.5051624819641817,0.18896878942055176,0.7556241524019676,500,221,279
roberta-med-small-1M-3,mlm,John,mother,0.47530570832158175,0.23969432137440946,0.6838935670167486,526,247,279
roberta-med-small-1M-3,mlm,John,child,0.5308054605801896,0.2218314168272361,0.7223270424955478,473,181,292
roberta-med-small-1M-3,mlm,Nicole,mother,0.33542416405302244,0.21907479886896253,0.7202720642772206,280,215,65
roberta-med-small-1M-3,mlm,Nicole,child,0.4166135002846585,0.17188317965640934,0.7684133361877666,234,138,96
roberta-med-small-1M-3,mlm,Warren,mother,0.46226566380607603,0.27792423721798915,0.6505544442825588,944,477,467
roberta-med-small-1M-3,mlm,Warren,child,0.5304850879744983,0.2552607232500464,0.6992750304031661,826,314,512
t5-base,seq2seq,Gail,mother,0.19893778408396884,0.2249999313968515,0.1489410116878266,286,188,98
t5-base,seq2seq,Gail,child,0.23950983481634222,0.2217864618997007,0.2644750160215039,224,131,93
t5-base,seq2seq,Dominic,child,0.26737990629972447,0.2595733260633193,0.2835506796465638,172,116,56
t5-base,seq2seq,Dominic,mother,0.23109020102279526,0.22937713509280744,0.23723216911323947,188,147,41
t5-base,seq2seq,Becky,mother,0.18397425490481487,0.1910191712414629,0.17037417577363864,548,361,187
t5-base,seq2seq,Becky,child,0.21107572350752593,0.20152666763197857,0.2240131540485901,438,252,186
t5-base,seq2seq,Liz,mother,0.18942714336952382,0.1995778328793776,0.1691998569739757,410,273,137
t5-base,seq2seq,Liz,child,0.1948131313636241,0.18370676007189563,0.2102623786091695,373,217,156
t5-base,seq2seq,Carl,mother,0.1917816097356879,0.22055344226174653,0.16890800287747132,1077,477,600
t5-base,seq2seq,Carl,child,0.2746826967917481,0.3397287577622958,0.22086948972374484,910,412,498
t5-base,seq2seq,Joel,child,0.17375551360696892,0.17805647429132107,0.1689307179674713,331,175,156
t5-base,seq2seq,Joel,mother,0.13358192942934363,0.14554606784120347,0.11422817611604091,445,275,170
t5-base,seq2seq,Ruth,mother,0.1457014534316958,0.15551694427648302,0.13325253821391686,372,208,164
t5-base,seq2seq,Ruth,child,0.27022670461185433,0.30740479902350243,0.23635898846973655,279,133,146
t5-base,seq2seq,Aran,mother,0.15447226531583283,0.21775117515148326,0.09921307842810337,1079,503,576
t5-base,seq2seq,Aran,child,0.25954484565372304,0.33796200711965696,0.21464717673597267,802,292,510
t5-base,seq2seq,Anne,mother,0.1385647099375923,0.186718233374644,0.09284029599143043,657,320,337
t5-base,seq2seq,Anne,child,0.19947824969753877,0.20880670044713537,0.19208904677402316,500,221,279
t5-base,seq2seq,John,mother,0.24916778277857135,0.33254479275629695,0.17535372735026225,526,247,279
t5-base,seq2seq,John,child,0.3149633886460759,0.3510151248396257,0.29261625080007414,473,181,292
t5-base,seq2seq,Nicole,mother,0.1696658939130263,0.1828166835689431,0.1261671281280707,280,215,65
t5-base,seq2seq,Nicole,child,0.19873821712155434,0.19894385535742473,0.19844261215749062,234,138,96
t5-base,seq2seq,Warren,mother,0.24289536086500738,0.3436160796436606,0.14001788151293543,944,477,467
t5-base,seq2seq,Warren,child,0.25952853120831954,0.31516901158249827,0.22540526785384268,826,314,512
t5-base-strict-2023,seq2seq,Gail,mother,0.24165880306650803,0.09622466946055881,0.5206548961064922,286,188,98
t5-base-strict-2023,seq2seq,Gail,child,0.3351821265156011,0.10884807987419753,0.6539967513545674,224,131,93
t5-base-strict-2023,seq2seq,Dominic,child,0.2857407219618503,0.09537413894123563,0.6800715010759808,172,116,56
t5-base-strict-2023,seq2seq,Dominic,mother,0.1966190383350681,0.10492378487424112,0.5253800690360819,188,147,41
t5-base-strict-2023,seq2seq,Becky,mother,0.24259139144576955,0.09138387040167897,0.5344946807340942,548,361,187
t5-base-strict-2023,seq2seq,Becky,child,0.2924273204050546,0.09381127893030385,0.5615200217579428,438,252,186
t5-base-strict-2023,seq2seq,Liz,mother,0.23893393670374596,0.10118952366712938,0.513417329105179,410,273,137
t5-base-strict-2023,seq2seq,Liz,child,0.28623826237689853,0.10096588575317327,0.54395688883426,373,217,156
t5-base-strict-2023,seq2seq,Carl,mother,0.34569427757690985,0.11690556887191161,0.5275813009973834,1077,477,600
t5-base-strict-2023,seq2seq,Carl,child,0.3846037764373062,0.16444780282169258,0.5667408469787376,910,412,498
t5-base-strict-2023,seq2seq,Joel,child,0.2983946109343443,0.09546987067400538,0.5260345439186989,331,175,156
t5-base-strict-2023,seq2seq,Joel,mother,0.22686613462624078,0.07772713474734544,0.46812039913621845,445,275,170
t5-base-strict-2023,seq2seq,Ruth,mother,0.2722032241947239,0.07547098915136176,0.5217172783960613,372,208,164
t5-base-strict-2023,seq2seq,Ruth,child,0.3849960876880747,0.11180767710228498,0.633859502810746,279,133,146
t5-base-strict-2023,seq2seq,Aran,mother,0.3128814907475157,0.12495781117377444,0.4769884539863905,1079,503,576
t5-base-strict-2023,seq2seq,Aran,child,0.4561216752269175,0.16469703086987575,0.6229765696431061,802,292,510
t5-base-strict-2023,seq2seq,Anne,mother,0.2667043329020862,0.09097463134341564,0.43356933141477044,657,320,337
t5-base-strict-2023,seq2seq,Anne,child,0.3565218431083583,0.10807932647810928,0.5533168114785557,500,221,279
t5-base-strict-2023,seq2seq,John,mother,0.38337377107921206,0.15856347567530107,0.582399373103463,526,247,279
t5-base-strict-2023,seq2seq,John,child,0.4717102026001093,0.17137063150039927,0.6578795942749297,473,181,292
t5-base-strict-2023,seq2seq,Nicole,mother,0.17621232225551992,0.07816613997310348,0.5005189251896665,280,215,65
t5-base-strict-2023,seq2seq,Nicole,child,0.33551003931039114,0.09165150134024797,0.686056687642472,234,138,96
t5-base-strict-2023,seq2seq,Warren,mother,0.3449355186462396,0.14457464267204262,0.5495867774036097,944,477,467
t5-base-strict-2023,seq2seq,Warren,child,0.43279392982747134,0.1356072262938768,0.6150529628539336,826,314,512
t5-base-strict-small-2023,seq2seq,Gail,mother,0.5238926529270922,0.6133324881944568,0.3523141934345964,286,188,98
t5-base-strict-small-2023,seq2seq,Gail,child,0.5038738462107232,0.6131665825117196,0.34992386281899707,224,131,93
t5-base-strict-small-2023,seq2seq,Dominic,child,0.5548617210895707,0.6614817906503113,0.334005862713751,172,116,56
t5-base-strict-small-2023,seq2seq,Dominic,mother,0.5775151319522606,0.6509889905772566,0.3140844681016649,188,147,41
t5-base-strict-small-2023,seq2seq,Becky,mother,0.5285765508743,0.6249732166690111,0.3424845917732805,548,361,187
t5-base-strict-small-2023,seq2seq,Becky,child,0.5036452752714008,0.6233254123912805,0.34149799272188613,438,252,186
t5-base-strict-small-2023,seq2seq,Liz,mother,0.5307619481798497,0.626438754952721,0.34010670548646377,410,273,137
t5-base-strict-small-2023,seq2seq,Liz,child,0.5086675823677133,0.6334948449217725,0.3350296594559766,373,217,156
t5-base-strict-small-2023,seq2seq,Carl,mother,0.4587468132800991,0.672381088051678,0.28890756483669383,1077,477,600
t5-base-strict-small-2023,seq2seq,Carl,child,0.4650081179718228,0.6855206041775987,0.28257610127146204,910,412,498
t5-base-strict-small-2023,seq2seq,Joel,child,0.4854884254103103,0.6035875450996651,0.3530054385793032,331,175,156
t5-base-strict-small-2023,seq2seq,Joel,mother,0.5070899000728607,0.597567462515849,0.3607291372974385,445,275,170
t5-base-strict-small-2023,seq2seq,Ruth,mother,0.503290206859916,0.6210543269695764,0.35393083501351724,372,208,164
t5-base-strict-small-2023,seq2seq,Ruth,child,0.4831488055489712,0.6246486844417664,0.35424823094115115,279,133,146
t5-base-strict-small-2023,seq2seq,Aran,mother,0.4709123024434312,0.6619070378514538,0.3041234970437172,1079,503,576
t5-base-strict-small-2023,seq2seq,Aran,child,0.4312786090810563,0.660559167956487,0.3000042498817902,802,292,510
t5-base-strict-small-2023,seq2seq,Anne,mother,0.4737302916216529,0.6274803172289795,0.3277362020241916,657,320,337
t5-base-strict-small-2023,seq2seq,Anne,child,0.46607645928356956,0.6346745503225377,0.3325274337652471,500,221,279
t5-base-strict-small-2023,seq2seq,John,mother,0.4722055010940002,0.6541224001258501,0.3111536227396385,526,247,279
t5-base-strict-small-2023,seq2seq,John,child,0.44302563787451515,0.6580243706745831,0.30975587541967853,473,181,292
t5-base-strict-small-2023,seq2seq,Nicole,mother,0.548372397105032,0.60699601145407,0.35446351887359856,280,215,65
t5-base-strict-small-2023,seq2seq,Nicole,child,0.5123882738687302,0.6161316802358624,0.3632571272159777,234,138,96
t5-base-strict-small-2023,seq2seq,Warren,mother,0.4832193117813188,0.6786619724771974,0.28359158340458634,944,477,467
t5-base-strict-small-2023,seq2seq,Warren,child,0.43456002621080236,0.672616064186592,0.2885647216709626,826,314,512
