child_name,filename,speaker,source,model_name,model_type,n_unique_nouns_in_session,tpr_the,tpr_a,tpr_overall,n_transitions_to_the,n_transitions_to_a,n_previous_a,n_previous_the,n_maintained,n_total,tpr
Gail,./data/CHILDES/Manchester/Gail/020609.cha,child,human,Human,baseline_unrestricted,64,0.0,0.0,0.0,0,0,2,2,4,4,0.0
Gail,./data/CHILDES/Manchester/Gail/020609.cha,mother,human,Human,baseline_unrestricted,64,0.0,0.0,0.0,0,0,6,1,7,7,0.0
Gail,./data/CHILDES/Manchester/Gail/020609.cha,other_adult,human,Human,baseline_unrestricted,64,,,,0,0,0,0,0,0,
Gail,./data/CHILDES/Manchester/Gail/020806.cha,child,human,Human,baseline_unrestricted,111,0.2727272727272727,0.26666666666666666,0.2692307692307692,3,4,11,15,19,26,0.2692307692307692
Gail,./data/CHILDES/Manchester/Gail/020806.cha,mother,human,Human,baseline_unrestricted,111,0.26666666666666666,0.4166666666666667,0.3333333333333333,4,5,15,12,18,27,0.3333333333333333
Gail,./data/CHILDES/Manchester/Gail/020806.cha,other_adult,human,Human,baseline_unrestricted,111,,,,0,0,0,0,0,0,
Gail,./data/CHILDES/Manchester/Gail/020813.cha,child,human,Human,baseline_unrestricted,99,0.3333333333333333,0.5,0.42857142857142855,1,2,3,4,4,7,0.42857142857142855
Gail,./data/CHILDES/Manchester/Gail/020813.cha,mother,human,Human,baseline_unrestricted,99,0.4,0.3333333333333333,0.375,2,1,5,3,5,8,0.375
Gail,./data/CHILDES/Manchester/Gail/020813.cha,other_adult,human,Human,baseline_unrestricted,99,,,,0,0,0,0,0,0,
Gail,./data/CHILDES/Manchester/Gail/021112.cha,child,human,Human,baseline_unrestricted,110,0.25,0.0,0.15384615384615385,2,0,8,5,11,13,0.15384615384615385
Gail,./data/CHILDES/Manchester/Gail/021112.cha,mother,human,Human,baseline_unrestricted,110,0.1111111111111111,0.14285714285714285,0.125,1,1,9,7,14,16,0.125
Gail,./data/CHILDES/Manchester/Gail/021112.cha,other_adult,human,Human,baseline_unrestricted,110,,,,0,0,0,0,0,0,
Gail,./data/CHILDES/Manchester/Gail/020226.cha,child,human,Human,baseline_unrestricted,120,0.1111111111111111,0.0,0.08333333333333333,1,0,9,3,11,12,0.08333333333333333
Gail,./data/CHILDES/Manchester/Gail/020226.cha,mother,human,Human,baseline_unrestricted,120,0.14285714285714285,0.25,0.18181818181818182,1,1,7,4,9,11,0.18181818181818182
Gail,./data/CHILDES/Manchester/Gail/020226.cha,other_adult,human,Human,baseline_unrestricted,120,,,,0,0,0,0,0,0,
Gail,./data/CHILDES/Manchester/Gail/020623.cha,child,human,Human,baseline_unrestricted,65,0.25,0.0,0.2,1,0,4,1,4,5,0.2
Gail,./data/CHILDES/Manchester/Gail/020623.cha,mother,human,Human,baseline_unrestricted,65,0.16666666666666666,0.0,0.125,1,0,6,2,7,8,0.125
Gail,./data/CHILDES/Manchester/Gail/020623.cha,other_adult,human,Human,baseline_unrestricted,65,,,,0,0,0,0,0,0,
Gail,./data/CHILDES/Manchester/Gail/020421.cha,child,human,Human,baseline_unrestricted,58,0.0,0.2,0.1,0,1,5,5,9,10,0.1
Gail,./data/CHILDES/Manchester/Gail/020421.cha,mother,human,Human,baseline_unrestricted,58,0.0,0.0,0.0,0,0,9,3,12,12,0.0
Gail,./data/CHILDES/Manchester/Gail/020421.cha,other_adult,human,Human,baseline_unrestricted,58,,,,0,0,0,0,0,0,
Gail,./data/CHILDES/Manchester/Gail/021105.cha,child,human,Human,baseline_unrestricted,62,0.3333333333333333,0.4,0.375,1,2,3,5,5,8,0.375
Gail,./data/CHILDES/Manchester/Gail/021105.cha,mother,human,Human,baseline_unrestricted,62,0.0,0.2857142857142857,0.2222222222222222,0,2,2,7,7,9,0.2222222222222222
Gail,./data/CHILDES/Manchester/Gail/021105.cha,other_adult,human,Human,baseline_unrestricted,62,,,,0,0,0,0,0,0,
Gail,./data/CHILDES/Manchester/Gail/020025.cha,child,human,Human,baseline_unrestricted,68,0.0,0.0,0.0,0,0,1,1,2,2,0.0
Gail,./data/CHILDES/Manchester/Gail/020025.cha,mother,human,Human,baseline_unrestricted,68,0.0,,0.0,0,0,1,0,1,1,0.0
Gail,./data/CHILDES/Manchester/Gail/020025.cha,other_adult,human,Human,baseline_unrestricted,68,,,,0,0,0,0,0,0,
Gail,./data/CHILDES/Manchester/Gail/020019.cha,child,human,Human,baseline_unrestricted,86,0.0,,0.0,0,0,1,0,1,1,0.0
Gail,./data/CHILDES/Manchester/Gail/020019.cha,mother,human,Human,baseline_unrestricted,86,0.0,,0.0,0,0,1,0,1,1,0.0
Gail,./data/CHILDES/Manchester/Gail/020019.cha,other_adult,human,Human,baseline_unrestricted,86,,,,0,0,0,0,0,0,
Gail,./data/CHILDES/Manchester/Gail/020828.cha,child,human,Human,baseline_unrestricted,57,0.0,0.2222222222222222,0.16666666666666666,0,2,3,9,10,12,0.16666666666666666
Gail,./data/CHILDES/Manchester/Gail/020828.cha,mother,human,Human,baseline_unrestricted,57,0.25,0.0,0.125,1,0,4,4,7,8,0.125
Gail,./data/CHILDES/Manchester/Gail/020828.cha,other_adult,human,Human,baseline_unrestricted,57,,,,0,0,0,0,0,0,
Gail,./data/CHILDES/Manchester/Gail/020904.cha,child,human,Human,baseline_unrestricted,62,0.0,0.0,0.0,0,0,1,1,2,2,0.0
Gail,./data/CHILDES/Manchester/Gail/020904.cha,mother,human,Human,baseline_unrestricted,62,,0.0,0.0,0,0,0,1,1,1,0.0
Gail,./data/CHILDES/Manchester/Gail/020904.cha,other_adult,human,Human,baseline_unrestricted,62,,,,0,0,0,0,0,0,
Gail,./data/CHILDES/Manchester/Gail/020720.cha,child,human,Human,baseline_unrestricted,83,0.4,0.6666666666666666,0.5,2,2,5,3,4,8,0.5
Gail,./data/CHILDES/Manchester/Gail/020720.cha,mother,human,Human,baseline_unrestricted,83,0.0,0.0,0.0,0,0,2,4,6,6,0.0
Gail,./data/CHILDES/Manchester/Gail/020720.cha,other_adult,human,Human,baseline_unrestricted,83,,,,0,0,0,0,0,0,
Gail,./data/CHILDES/Manchester/Gail/020519.cha,child,human,Human,baseline_unrestricted,93,0.0,0.25,0.125,0,1,4,4,7,8,0.125
Gail,./data/CHILDES/Manchester/Gail/020519.cha,mother,human,Human,baseline_unrestricted,93,0.0,0.5,0.16666666666666666,0,1,4,2,5,6,0.16666666666666666
Gail,./data/CHILDES/Manchester/Gail/020519.cha,other_adult,human,Human,baseline_unrestricted,93,,,,0,0,0,0,0,0,
Gail,./data/CHILDES/Manchester/Gail/021029.cha,child,human,Human,baseline_unrestricted,114,1.0,0.3333333333333333,0.6666666666666666,3,1,3,3,2,6,0.6666666666666666
Gail,./data/CHILDES/Manchester/Gail/021029.cha,mother,human,Human,baseline_unrestricted,114,0.0,0.2,0.125,0,1,3,5,7,8,0.125
Gail,./data/CHILDES/Manchester/Gail/021029.cha,other_adult,human,Human,baseline_unrestricted,114,,,,0,0,0,0,0,0,
Gail,./data/CHILDES/Manchester/Gail/020108.cha,child,human,Human,baseline_unrestricted,99,0.0,1.0,0.5,0,1,1,1,1,2,0.5
Gail,./data/CHILDES/Manchester/Gail/020108.cha,mother,human,Human,baseline_unrestricted,99,1.0,0.0,0.3333333333333333,1,0,1,2,2,3,0.3333333333333333
Gail,./data/CHILDES/Manchester/Gail/020108.cha,other_adult,human,Human,baseline_unrestricted,99,,,,0,0,0,0,0,0,
Gail,./data/CHILDES/Manchester/Gail/020518.cha,child,human,Human,baseline_unrestricted,78,0.0,1.0,0.3333333333333333,0,2,4,2,4,6,0.3333333333333333
Gail,./data/CHILDES/Manchester/Gail/020518.cha,mother,human,Human,baseline_unrestricted,78,0.25,0.0,0.18181818181818182,2,0,8,3,9,11,0.18181818181818182
Gail,./data/CHILDES/Manchester/Gail/020518.cha,other_adult,human,Human,baseline_unrestricted,78,,,,0,0,0,0,0,0,
Gail,./data/CHILDES/Manchester/Gail/020929.cha,child,human,Human,baseline_unrestricted,89,1.0,0.5,0.75,2,1,2,2,1,4,0.75
Gail,./data/CHILDES/Manchester/Gail/020929.cha,mother,human,Human,baseline_unrestricted,89,0.0,0.0,0.0,0,0,2,2,4,4,0.0
Gail,./data/CHILDES/Manchester/Gail/020929.cha,other_adult,human,Human,baseline_unrestricted,89,,,,0,0,0,0,0,0,
Gail,./data/CHILDES/Manchester/Gail/020925.cha,child,human,Human,baseline_unrestricted,77,0.2,0.0,0.16666666666666666,1,0,5,1,5,6,0.16666666666666666
Gail,./data/CHILDES/Manchester/Gail/020925.cha,mother,human,Human,baseline_unrestricted,77,0.36363636363636365,1.0,0.46153846153846156,4,2,11,2,7,13,0.46153846153846156
Gail,./data/CHILDES/Manchester/Gail/020925.cha,other_adult,human,Human,baseline_unrestricted,77,,,,0,0,0,0,0,0,
Gail,./data/CHILDES/Manchester/Gail/020700.cha,child,human,Human,baseline_unrestricted,65,0.2,0.0,0.16666666666666666,1,0,5,1,5,6,0.16666666666666666
Gail,./data/CHILDES/Manchester/Gail/020700.cha,mother,human,Human,baseline_unrestricted,65,0.0,,0.0,0,0,5,0,5,5,0.0
Gail,./data/CHILDES/Manchester/Gail/020700.cha,other_adult,human,Human,baseline_unrestricted,65,,,,0,0,0,0,0,0,
Gail,./data/CHILDES/Manchester/Gail/020310.cha,child,human,Human,baseline_unrestricted,111,0.25,0.6,0.4444444444444444,1,3,4,5,5,9,0.4444444444444444
Gail,./data/CHILDES/Manchester/Gail/020310.cha,mother,human,Human,baseline_unrestricted,111,0.1,0.2857142857142857,0.17647058823529413,1,2,10,7,14,17,0.17647058823529413
Gail,./data/CHILDES/Manchester/Gail/020310.cha,other_adult,human,Human,baseline_unrestricted,111,,,,0,0,0,0,0,0,
Gail,./data/CHILDES/Manchester/Gail/011127.cha,child,human,Human,baseline_unrestricted,103,,0.0,0.0,0,0,0,1,1,1,0.0
Gail,./data/CHILDES/Manchester/Gail/011127.cha,mother,human,Human,baseline_unrestricted,103,0.0,0.3333333333333333,0.2,0,1,2,3,4,5,0.2
Gail,./data/CHILDES/Manchester/Gail/011127.cha,other_adult,human,Human,baseline_unrestricted,103,,,,0,0,0,0,0,0,
Gail,./data/CHILDES/Manchester/Gail/021008.cha,child,human,Human,baseline_unrestricted,73,0.2857142857142857,0.0,0.2222222222222222,2,0,7,2,7,9,0.2222222222222222
Gail,./data/CHILDES/Manchester/Gail/021008.cha,mother,human,Human,baseline_unrestricted,73,0.0,0.0,0.0,0,0,13,3,16,16,0.0
Gail,./data/CHILDES/Manchester/Gail/021008.cha,other_adult,human,Human,baseline_unrestricted,73,,,,0,0,0,0,0,0,
Gail,./data/CHILDES/Manchester/Gail/020115.cha,child,human,Human,baseline_unrestricted,82,0.0,0.0,0.0,0,0,3,1,4,4,0.0
Gail,./data/CHILDES/Manchester/Gail/020115.cha,mother,human,Human,baseline_unrestricted,82,0.2,0.0,0.14285714285714285,1,0,5,2,6,7,0.14285714285714285
Gail,./data/CHILDES/Manchester/Gail/020115.cha,other_adult,human,Human,baseline_unrestricted,82,,,,0,0,0,0,0,0,
Gail,./data/CHILDES/Manchester/Gail/020317.cha,child,human,Human,baseline_unrestricted,71,0.25,0.5,0.3333333333333333,1,1,4,2,4,6,0.3333333333333333
Gail,./data/CHILDES/Manchester/Gail/020317.cha,mother,human,Human,baseline_unrestricted,71,0.5714285714285714,0.3333333333333333,0.5,4,1,7,3,5,10,0.5
Gail,./data/CHILDES/Manchester/Gail/020317.cha,other_adult,human,Human,baseline_unrestricted,71,,,,0,0,0,0,0,0,
Gail,./data/CHILDES/Manchester/Gail/020303.cha,child,human,Human,baseline_unrestricted,90,0.0,0.0,0.0,0,0,2,1,3,3,0.0
Gail,./data/CHILDES/Manchester/Gail/020303.cha,mother,human,Human,baseline_unrestricted,90,0.5,0.2,0.2857142857142857,1,1,2,5,5,7,0.2857142857142857
Gail,./data/CHILDES/Manchester/Gail/020303.cha,other_adult,human,Human,baseline_unrestricted,90,,,,0,0,0,0,0,0,
Gail,./data/CHILDES/Manchester/Gail/020713.cha,child,human,Human,baseline_unrestricted,57,0.3333333333333333,0.0,0.2,1,0,3,2,4,5,0.2
Gail,./data/CHILDES/Manchester/Gail/020713.cha,mother,human,Human,baseline_unrestricted,57,0.25,,0.25,1,0,4,0,3,4,0.25
Gail,./data/CHILDES/Manchester/Gail/020713.cha,other_adult,human,Human,baseline_unrestricted,57,,,,0,0,0,0,0,0,
Gail,./data/CHILDES/Manchester/Gail/020205.cha,child,human,Human,baseline_unrestricted,101,0.6666666666666666,0.5,0.6,2,1,3,2,2,5,0.6
Gail,./data/CHILDES/Manchester/Gail/020205.cha,mother,human,Human,baseline_unrestricted,101,0.5,0.0,0.2,1,0,2,3,4,5,0.2
Gail,./data/CHILDES/Manchester/Gail/020205.cha,other_adult,human,Human,baseline_unrestricted,101,,,,0,0,0,0,0,0,
Gail,./data/CHILDES/Manchester/Gail/020005.cha,child,human,Human,baseline_unrestricted,80,,0.0,0.0,0,0,0,2,2,2,0.0
Gail,./data/CHILDES/Manchester/Gail/020005.cha,mother,human,Human,baseline_unrestricted,80,0.0,0.0,0.0,0,0,2,2,4,4,0.0
Gail,./data/CHILDES/Manchester/Gail/020005.cha,other_adult,human,Human,baseline_unrestricted,80,,,,0,0,0,0,0,0,
Gail,./data/CHILDES/Manchester/Gail/020616.cha,child,human,Human,baseline_unrestricted,69,0.0,,0.0,0,0,6,0,6,6,0.0
Gail,./data/CHILDES/Manchester/Gail/020616.cha,mother,human,Human,baseline_unrestricted,69,0.2222222222222222,0.0,0.2,2,0,9,1,8,10,0.2
Gail,./data/CHILDES/Manchester/Gail/020616.cha,other_adult,human,Human,baseline_unrestricted,69,,,,0,0,0,0,0,0,
Gail,./data/CHILDES/Manchester/Gail/020414.cha,child,human,Human,baseline_unrestricted,85,0.0,0.6666666666666666,0.16666666666666666,0,2,9,3,10,12,0.16666666666666666
Gail,./data/CHILDES/Manchester/Gail/020414.cha,mother,human,Human,baseline_unrestricted,85,0.0,0.0,0.0,0,0,7,1,8,8,0.0
Gail,./data/CHILDES/Manchester/Gail/020414.cha,other_adult,human,Human,baseline_unrestricted,85,,,,0,0,0,0,0,0,
Gail,./data/CHILDES/Manchester/Gail/020428.cha,child,human,Human,baseline_unrestricted,71,0.3333333333333333,,0.3333333333333333,1,0,3,0,2,3,0.3333333333333333
Gail,./data/CHILDES/Manchester/Gail/020428.cha,mother,human,Human,baseline_unrestricted,71,0.125,0.5,0.2,1,1,8,2,8,10,0.2
Gail,./data/CHILDES/Manchester/Gail/020428.cha,other_adult,human,Human,baseline_unrestricted,71,,,,0,0,0,0,0,0,
Gail,./data/CHILDES/Manchester/Gail/020212.cha,child,human,Human,baseline_unrestricted,113,0.0,0.6666666666666666,0.3333333333333333,0,2,3,3,4,6,0.3333333333333333
Gail,./data/CHILDES/Manchester/Gail/020212.cha,mother,human,Human,baseline_unrestricted,113,0.36363636363636365,1.0,0.4166666666666667,4,1,11,1,7,12,0.4166666666666667
Gail,./data/CHILDES/Manchester/Gail/020212.cha,other_adult,human,Human,baseline_unrestricted,113,,,,0,0,0,0,0,0,
Gail,./data/CHILDES/Manchester/Gail/020407.cha,child,human,Human,baseline_unrestricted,57,0.0,0.0,0.0,0,0,4,1,5,5,0.0
Gail,./data/CHILDES/Manchester/Gail/020407.cha,mother,human,Human,baseline_unrestricted,57,0.2,0.0,0.16666666666666666,1,0,5,1,5,6,0.16666666666666666
Gail,./data/CHILDES/Manchester/Gail/020407.cha,other_adult,human,Human,baseline_unrestricted,57,,,,0,0,0,0,0,0,
Dominic,./data/CHILDES/Manchester/Dominic/020620.cha,child,human,Human,baseline_unrestricted,75,0.25,0.5,0.3333333333333333,1,1,4,2,4,6,0.3333333333333333
Dominic,./data/CHILDES/Manchester/Dominic/020620.cha,mother,human,Human,baseline_unrestricted,75,0.4,0.0,0.3333333333333333,2,0,5,1,4,6,0.3333333333333333
Dominic,./data/CHILDES/Manchester/Dominic/020620.cha,other_adult,human,Human,baseline_unrestricted,75,,,,0,0,0,0,0,0,
Dominic,./data/CHILDES/Manchester/Dominic/020230.cha,child,human,Human,baseline_unrestricted,61,0.25,0.6666666666666666,0.42857142857142855,1,2,4,3,4,7,0.42857142857142855
Dominic,./data/CHILDES/Manchester/Dominic/020230.cha,mother,human,Human,baseline_unrestricted,61,0.16666666666666666,0.0,0.14285714285714285,1,0,6,1,6,7,0.14285714285714285
Dominic,./data/CHILDES/Manchester/Dominic/020230.cha,other_adult,human,Human,baseline_unrestricted,61,,,,0,0,0,0,0,0,
Dominic,./data/CHILDES/Manchester/Dominic/020021.cha,child,human,Human,baseline_unrestricted,84,,,,0,0,0,0,0,0,
Dominic,./data/CHILDES/Manchester/Dominic/020021.cha,mother,human,Human,baseline_unrestricted,84,0.0,,0.0,0,0,1,0,1,1,0.0
Dominic,./data/CHILDES/Manchester/Dominic/020021.cha,other_adult,human,Human,baseline_unrestricted,84,,,,0,0,0,0,0,0,
Dominic,./data/CHILDES/Manchester/Dominic/020425.cha,child,human,Human,baseline_unrestricted,38,0.0,0.3333333333333333,0.2,0,1,2,3,4,5,0.2
Dominic,./data/CHILDES/Manchester/Dominic/020425.cha,mother,human,Human,baseline_unrestricted,38,,0.0,0.0,0,0,0,1,1,1,0.0
Dominic,./data/CHILDES/Manchester/Dominic/020425.cha,other_adult,human,Human,baseline_unrestricted,38,,,,0,0,0,0,0,0,
Dominic,./data/CHILDES/Manchester/Dominic/020800.cha,child,human,Human,baseline_unrestricted,63,0.0,,0.0,0,0,9,0,9,9,0.0
Dominic,./data/CHILDES/Manchester/Dominic/020800.cha,mother,human,Human,baseline_unrestricted,63,0.08333333333333333,0.0,0.07692307692307693,1,0,12,1,12,13,0.07692307692307693
Dominic,./data/CHILDES/Manchester/Dominic/020800.cha,other_adult,human,Human,baseline_unrestricted,63,,,,0,0,0,0,0,0,
Dominic,./data/CHILDES/Manchester/Dominic/020829.cha,child,human,Human,baseline_unrestricted,54,0.25,,0.25,1,0,4,0,3,4,0.25
Dominic,./data/CHILDES/Manchester/Dominic/020829.cha,mother,human,Human,baseline_unrestricted,54,0.0,1.0,0.2,0,1,4,1,4,5,0.2
Dominic,./data/CHILDES/Manchester/Dominic/020829.cha,other_adult,human,Human,baseline_unrestricted,54,,,,0,0,0,0,0,0,
Dominic,./data/CHILDES/Manchester/Dominic/020209.cha,child,human,Human,baseline_unrestricted,54,1.0,0.0,0.5,1,0,1,1,1,2,0.5
Dominic,./data/CHILDES/Manchester/Dominic/020209.cha,mother,human,Human,baseline_unrestricted,54,0.0,0.5,0.3333333333333333,0,1,1,2,2,3,0.3333333333333333
Dominic,./data/CHILDES/Manchester/Dominic/020209.cha,other_adult,human,Human,baseline_unrestricted,54,,,,0,0,0,0,0,0,
Dominic,./data/CHILDES/Manchester/Dominic/020508.cha,child,human,Human,baseline_unrestricted,68,0.0,0.0,0.0,0,0,2,1,3,3,0.0
Dominic,./data/CHILDES/Manchester/Dominic/020508.cha,mother,human,Human,baseline_unrestricted,68,0.0,,0.0,0,0,2,0,2,2,0.0
Dominic,./data/CHILDES/Manchester/Dominic/020508.cha,other_adult,human,Human,baseline_unrestricted,68,,,,0,0,0,0,0,0,
Dominic,./data/CHILDES/Manchester/Dominic/020119.cha,child,human,Human,baseline_unrestricted,43,0.0,0.0,0.0,0,0,3,1,4,4,0.0
Dominic,./data/CHILDES/Manchester/Dominic/020119.cha,mother,human,Human,baseline_unrestricted,43,0.6666666666666666,0.0,0.5,2,0,3,1,2,4,0.5
Dominic,./data/CHILDES/Manchester/Dominic/020119.cha,other_adult,human,Human,baseline_unrestricted,43,,,,0,0,0,0,0,0,
Dominic,./data/CHILDES/Manchester/Dominic/020126.cha,child,human,Human,baseline_unrestricted,29,,0.0,0.0,0,0,0,2,2,2,0.0
Dominic,./data/CHILDES/Manchester/Dominic/020126.cha,mother,human,Human,baseline_unrestricted,29,,0.0,0.0,0,0,0,2,2,2,0.0
Dominic,./data/CHILDES/Manchester/Dominic/020126.cha,other_adult,human,Human,baseline_unrestricted,29,,,,0,0,0,0,0,0,
Dominic,./data/CHILDES/Manchester/Dominic/020522.cha,child,human,Human,baseline_unrestricted,79,,,,0,0,0,0,0,0,
Dominic,./data/CHILDES/Manchester/Dominic/020522.cha,mother,human,Human,baseline_unrestricted,79,0.0,,0.0,0,0,4,0,4,4,0.0
Dominic,./data/CHILDES/Manchester/Dominic/020522.cha,other_adult,human,Human,baseline_unrestricted,79,,,,0,0,0,0,0,0,
Dominic,./data/CHILDES/Manchester/Dominic/020724.cha,child,human,Human,baseline_unrestricted,51,0.14285714285714285,0.3333333333333333,0.2,1,1,7,3,8,10,0.2
Dominic,./data/CHILDES/Manchester/Dominic/020724.cha,mother,human,Human,baseline_unrestricted,51,0.16666666666666666,0.25,0.2,1,1,6,4,8,10,0.2
Dominic,./data/CHILDES/Manchester/Dominic/020724.cha,other_adult,human,Human,baseline_unrestricted,51,,,,0,0,0,0,0,0,
Dominic,./data/CHILDES/Manchester/Dominic/021016.cha,child,human,Human,baseline_unrestricted,59,0.0,1.0,0.3333333333333333,0,2,4,2,4,6,0.3333333333333333
Dominic,./data/CHILDES/Manchester/Dominic/021016.cha,mother,human,Human,baseline_unrestricted,59,0.5,,0.5,3,0,6,0,3,6,0.5
Dominic,./data/CHILDES/Manchester/Dominic/021016.cha,other_adult,human,Human,baseline_unrestricted,59,,,,0,0,0,0,0,0,
Dominic,./data/CHILDES/Manchester/Dominic/021002.cha,child,human,Human,baseline_unrestricted,59,0.25,0.0,0.2,1,0,4,1,4,5,0.2
Dominic,./data/CHILDES/Manchester/Dominic/021002.cha,mother,human,Human,baseline_unrestricted,59,0.5,0.0,0.3333333333333333,3,0,6,3,6,9,0.3333333333333333
Dominic,./data/CHILDES/Manchester/Dominic/021002.cha,other_adult,human,Human,baseline_unrestricted,59,,,,0,0,0,0,0,0,
Dominic,./data/CHILDES/Manchester/Dominic/011117.cha,child,human,Human,baseline_unrestricted,79,0.0,,0.0,0,0,1,0,1,1,0.0
Dominic,./data/CHILDES/Manchester/Dominic/011117.cha,mother,human,Human,baseline_unrestricted,79,0.0,0.0,0.0,0,0,1,1,2,2,0.0
Dominic,./data/CHILDES/Manchester/Dominic/011117.cha,other_adult,human,Human,baseline_unrestricted,79,,,,0,0,0,0,0,0,
Dominic,./data/CHILDES/Manchester/Dominic/011100.cha,child,human,Human,baseline_unrestricted,64,,,,0,0,0,0,0,0,
Dominic,./data/CHILDES/Manchester/Dominic/011100.cha,mother,human,Human,baseline_unrestricted,64,,,,0,0,0,0,0,0,
Dominic,./data/CHILDES/Manchester/Dominic/011100.cha,other_adult,human,Human,baseline_unrestricted,64,,,,0,0,0,0,0,0,
Dominic,./data/CHILDES/Manchester/Dominic/020717.cha,child,human,Human,baseline_unrestricted,67,0.2,0.5,0.2857142857142857,1,1,5,2,5,7,0.2857142857142857
Dominic,./data/CHILDES/Manchester/Dominic/020717.cha,mother,human,Human,baseline_unrestricted,67,0.25,0.6666666666666666,0.42857142857142855,1,2,4,3,4,7,0.42857142857142855
Dominic,./data/CHILDES/Manchester/Dominic/020717.cha,other_adult,human,Human,baseline_unrestricted,67,,,,0,0,0,0,0,0,
Dominic,./data/CHILDES/Manchester/Dominic/020703.cha,child,human,Human,baseline_unrestricted,61,0.25,0.25,0.25,1,1,4,4,6,8,0.25
Dominic,./data/CHILDES/Manchester/Dominic/020703.cha,mother,human,Human,baseline_unrestricted,61,0.5,0.0,0.42857142857142855,3,0,6,1,4,7,0.42857142857142855
Dominic,./data/CHILDES/Manchester/Dominic/020703.cha,other_adult,human,Human,baseline_unrestricted,61,,,,0,0,0,0,0,0,
Dominic,./data/CHILDES/Manchester/Dominic/020529.cha,child,human,Human,baseline_unrestricted,54,1.0,0.0,0.3333333333333333,1,0,1,2,2,3,0.3333333333333333
Dominic,./data/CHILDES/Manchester/Dominic/020529.cha,mother,human,Human,baseline_unrestricted,54,0.0,,0.0,0,0,1,0,1,1,0.0
Dominic,./data/CHILDES/Manchester/Dominic/020529.cha,other_adult,human,Human,baseline_unrestricted,54,,,,0,0,0,0,0,0,
Dominic,./data/CHILDES/Manchester/Dominic/020501.cha,child,human,Human,baseline_unrestricted,69,0.0,,0.0,0,0,1,0,1,1,0.0
Dominic,./data/CHILDES/Manchester/Dominic/020501.cha,mother,human,Human,baseline_unrestricted,69,,,,0,0,0,0,0,0,
Dominic,./data/CHILDES/Manchester/Dominic/020501.cha,other_adult,human,Human,baseline_unrestricted,69,,,,0,0,0,0,0,0,
Dominic,./data/CHILDES/Manchester/Dominic/020111.cha,child,human,Human,baseline_unrestricted,49,,0.0,0.0,0,0,0,1,1,1,0.0
Dominic,./data/CHILDES/Manchester/Dominic/020111.cha,mother,human,Human,baseline_unrestricted,49,,0.0,0.0,0,0,0,1,1,1,0.0
Dominic,./data/CHILDES/Manchester/Dominic/020111.cha,other_adult,human,Human,baseline_unrestricted,49,,,,0,0,0,0,0,0,
Dominic,./data/CHILDES/Manchester/Dominic/011124.cha,child,human,Human,baseline_unrestricted,58,0.0,0.0,0.0,0,0,2,1,3,3,0.0
Dominic,./data/CHILDES/Manchester/Dominic/011124.cha,mother,human,Human,baseline_unrestricted,58,0.0,,0.0,0,0,1,0,1,1,0.0
Dominic,./data/CHILDES/Manchester/Dominic/011124.cha,other_adult,human,Human,baseline_unrestricted,58,,,,0,0,0,0,0,0,
Dominic,./data/CHILDES/Manchester/Dominic/020919.cha,child,human,Human,baseline_unrestricted,75,0.0,1.0,0.2,0,3,12,3,12,15,0.2
Dominic,./data/CHILDES/Manchester/Dominic/020919.cha,mother,human,Human,baseline_unrestricted,75,0.36363636363636365,,0.36363636363636365,8,0,22,0,14,22,0.36363636363636365
Dominic,./data/CHILDES/Manchester/Dominic/020919.cha,other_adult,human,Human,baseline_unrestricted,75,,,,0,0,0,0,0,0,
Dominic,./data/CHILDES/Manchester/Dominic/020926.cha,child,human,Human,baseline_unrestricted,72,0.0,0.0,0.0,0,0,9,1,10,10,0.0
Dominic,./data/CHILDES/Manchester/Dominic/020926.cha,mother,human,Human,baseline_unrestricted,72,0.0,0.0,0.0,0,0,10,1,11,11,0.0
Dominic,./data/CHILDES/Manchester/Dominic/020926.cha,other_adult,human,Human,baseline_unrestricted,72,,,,0,0,0,0,0,0,
Dominic,./data/CHILDES/Manchester/Dominic/020328.cha,child,human,Human,baseline_unrestricted,77,0.0,0.75,0.23076923076923078,0,3,9,4,10,13,0.23076923076923078
Dominic,./data/CHILDES/Manchester/Dominic/020328.cha,mother,human,Human,baseline_unrestricted,77,0.21428571428571427,0.0,0.2,3,0,14,1,12,15,0.2
Dominic,./data/CHILDES/Manchester/Dominic/020328.cha,other_adult,human,Human,baseline_unrestricted,77,,,,0,0,0,0,0,0,
Dominic,./data/CHILDES/Manchester/Dominic/020314.cha,child,human,Human,baseline_unrestricted,71,0.0,0.0,0.0,0,0,2,1,3,3,0.0
Dominic,./data/CHILDES/Manchester/Dominic/020314.cha,mother,human,Human,baseline_unrestricted,71,0.3333333333333333,,0.3333333333333333,1,0,3,0,2,3,0.3333333333333333
Dominic,./data/CHILDES/Manchester/Dominic/020314.cha,other_adult,human,Human,baseline_unrestricted,71,,,,0,0,0,0,0,0,
Dominic,./data/CHILDES/Manchester/Dominic/020007.cha,child,human,Human,baseline_unrestricted,64,0.5,,0.5,1,0,2,0,1,2,0.5
Dominic,./data/CHILDES/Manchester/Dominic/020007.cha,mother,human,Human,baseline_unrestricted,64,0.0,,0.0,0,0,1,0,1,1,0.0
Dominic,./data/CHILDES/Manchester/Dominic/020007.cha,other_adult,human,Human,baseline_unrestricted,64,,,,0,0,0,0,0,0,
Dominic,./data/CHILDES/Manchester/Dominic/011025.cha,child,human,Human,baseline_unrestricted,61,0.0,0.0,0.0,0,0,1,1,2,2,0.0
Dominic,./data/CHILDES/Manchester/Dominic/011025.cha,mother,human,Human,baseline_unrestricted,61,1.0,0.0,0.5,1,0,1,1,1,2,0.5
Dominic,./data/CHILDES/Manchester/Dominic/011025.cha,other_adult,human,Human,baseline_unrestricted,61,,,,0,0,0,0,0,0,
Dominic,./data/CHILDES/Manchester/Dominic/020028.cha,child,human,Human,baseline_unrestricted,38,,,,0,0,0,0,0,0,
Dominic,./data/CHILDES/Manchester/Dominic/020028.cha,mother,human,Human,baseline_unrestricted,38,,,,0,0,0,0,0,0,
Dominic,./data/CHILDES/Manchester/Dominic/020028.cha,other_adult,human,Human,baseline_unrestricted,38,,,,0,0,0,0,0,0,
Dominic,./data/CHILDES/Manchester/Dominic/020202.cha,child,human,Human,baseline_unrestricted,35,1.0,,1.0,2,0,2,0,0,2,1.0
Dominic,./data/CHILDES/Manchester/Dominic/020202.cha,mother,human,Human,baseline_unrestricted,35,,1.0,1.0,0,1,0,1,0,1,1.0
Dominic,./data/CHILDES/Manchester/Dominic/020202.cha,other_adult,human,Human,baseline_unrestricted,35,,,,0,0,0,0,0,0,
Dominic,./data/CHILDES/Manchester/Dominic/020216.cha,child,human,Human,baseline_unrestricted,51,,,,0,0,0,0,0,0,
Dominic,./data/CHILDES/Manchester/Dominic/020216.cha,mother,human,Human,baseline_unrestricted,51,,,,0,0,0,0,0,0,
Dominic,./data/CHILDES/Manchester/Dominic/020216.cha,other_adult,human,Human,baseline_unrestricted,51,,,,0,0,0,0,0,0,
Dominic,./data/CHILDES/Manchester/Dominic/020404.cha,child,human,Human,baseline_unrestricted,67,0.0,0.6,0.5,0,3,1,5,3,6,0.5
Dominic,./data/CHILDES/Manchester/Dominic/020404.cha,mother,human,Human,baseline_unrestricted,67,0.0,0.0,0.0,0,0,4,1,5,5,0.0
Dominic,./data/CHILDES/Manchester/Dominic/020404.cha,other_adult,human,Human,baseline_unrestricted,67,,,,0,0,0,0,0,0,
Dominic,./data/CHILDES/Manchester/Dominic/020613.cha,child,human,Human,baseline_unrestricted,64,0.2,0.2,0.2,1,1,5,5,8,10,0.2
Dominic,./data/CHILDES/Manchester/Dominic/020613.cha,mother,human,Human,baseline_unrestricted,64,0.5,0.4,0.4444444444444444,2,2,4,5,5,9,0.4444444444444444
Dominic,./data/CHILDES/Manchester/Dominic/020613.cha,other_adult,human,Human,baseline_unrestricted,64,,,,0,0,0,0,0,0,
Dominic,./data/CHILDES/Manchester/Dominic/020411.cha,child,human,Human,baseline_unrestricted,70,0.0,0.5,0.2857142857142857,0,2,3,4,5,7,0.2857142857142857
Dominic,./data/CHILDES/Manchester/Dominic/020411.cha,mother,human,Human,baseline_unrestricted,70,0.4,0.5,0.4444444444444444,2,2,5,4,5,9,0.4444444444444444
Dominic,./data/CHILDES/Manchester/Dominic/020411.cha,other_adult,human,Human,baseline_unrestricted,70,,,,0,0,0,0,0,0,
Dominic,./data/CHILDES/Manchester/Dominic/020822.cha,child,human,Human,baseline_unrestricted,67,0.16666666666666666,0.6666666666666666,0.26666666666666666,2,2,12,3,11,15,0.26666666666666666
Dominic,./data/CHILDES/Manchester/Dominic/020822.cha,mother,human,Human,baseline_unrestricted,67,0.21428571428571427,0.5,0.2777777777777778,3,2,14,4,13,18,0.2777777777777778
Dominic,./data/CHILDES/Manchester/Dominic/020822.cha,other_adult,human,Human,baseline_unrestricted,67,,,,0,0,0,0,0,0,
Becky,./data/CHILDES/Manchester/Becky/020230.cha,child,human,Human,baseline_unrestricted,76,0.0,0.25,0.18181818181818182,0,2,3,8,9,11,0.18181818181818182
Becky,./data/CHILDES/Manchester/Becky/020230.cha,mother,human,Human,baseline_unrestricted,76,0.16666666666666666,0.0,0.1111111111111111,1,0,6,3,8,9,0.1111111111111111
Becky,./data/CHILDES/Manchester/Becky/020230.cha,other_adult,human,Human,baseline_unrestricted,76,,,,0,0,0,0,0,0,
Becky,./data/CHILDES/Manchester/Becky/021101.cha,child,human,Human,baseline_unrestricted,57,0.14285714285714285,0.6666666666666666,0.3,1,2,7,3,7,10,0.3
Becky,./data/CHILDES/Manchester/Becky/021101.cha,mother,human,Human,baseline_unrestricted,57,0.3,0.6666666666666666,0.38461538461538464,3,2,10,3,8,13,0.38461538461538464
Becky,./data/CHILDES/Manchester/Becky/021101.cha,other_adult,human,Human,baseline_unrestricted,57,,,,0,0,0,0,0,0,
Becky,./data/CHILDES/Manchester/Becky/021115.cha,child,human,Human,baseline_unrestricted,68,0.0,0.1111111111111111,0.05555555555555555,0,1,9,9,17,18,0.05555555555555555
Becky,./data/CHILDES/Manchester/Becky/021115.cha,mother,human,Human,baseline_unrestricted,68,0.16666666666666666,0.0,0.1,2,0,12,8,18,20,0.1
Becky,./data/CHILDES/Manchester/Becky/021115.cha,other_adult,human,Human,baseline_unrestricted,68,,,,0,0,0,0,0,0,
Becky,./data/CHILDES/Manchester/Becky/020419.cha,child,human,Human,baseline_unrestricted,74,0.0,0.5,0.18181818181818182,0,2,7,4,9,11,0.18181818181818182
Becky,./data/CHILDES/Manchester/Becky/020419.cha,mother,human,Human,baseline_unrestricted,74,0.1111111111111111,0.5,0.18181818181818182,1,1,9,2,9,11,0.18181818181818182
Becky,./data/CHILDES/Manchester/Becky/020419.cha,other_adult,human,Human,baseline_unrestricted,74,,,,0,0,0,0,0,0,
Becky,./data/CHILDES/Manchester/Becky/020222.cha,child,human,Human,baseline_unrestricted,97,0.0,0.0,0.0,0,0,5,2,7,7,0.0
Becky,./data/CHILDES/Manchester/Becky/020222.cha,mother,human,Human,baseline_unrestricted,97,0.2,0.0,0.125,1,0,5,3,7,8,0.125
Becky,./data/CHILDES/Manchester/Becky/020222.cha,other_adult,human,Human,baseline_unrestricted,97,,,,0,0,0,0,0,0,
Becky,./data/CHILDES/Manchester/Becky/020816.cha,child,human,Human,baseline_unrestricted,65,0.2727272727272727,0.3333333333333333,0.2857142857142857,3,1,11,3,10,14,0.2857142857142857
Becky,./data/CHILDES/Manchester/Becky/020816.cha,mother,human,Human,baseline_unrestricted,65,0.07692307692307693,0.18181818181818182,0.125,1,2,13,11,21,24,0.125
Becky,./data/CHILDES/Manchester/Becky/020816.cha,other_adult,human,Human,baseline_unrestricted,65,,,,0,0,0,0,0,0,
Becky,./data/CHILDES/Manchester/Becky/020802.cha,child,human,Human,baseline_unrestricted,74,0.14285714285714285,0.0,0.07142857142857142,1,0,7,7,13,14,0.07142857142857142
Becky,./data/CHILDES/Manchester/Becky/020802.cha,mother,human,Human,baseline_unrestricted,74,0.2727272727272727,0.2,0.25,3,1,11,5,12,16,0.25
Becky,./data/CHILDES/Manchester/Becky/020802.cha,other_adult,human,Human,baseline_unrestricted,74,,,,0,0,0,0,0,0,
Becky,./data/CHILDES/Manchester/Becky/020619.cha,child,human,Human,baseline_unrestricted,67,0.125,0.0,0.07692307692307693,1,0,8,5,12,13,0.07692307692307693
Becky,./data/CHILDES/Manchester/Becky/020619.cha,mother,human,Human,baseline_unrestricted,67,0.2,0.2857142857142857,0.22727272727272727,3,2,15,7,17,22,0.22727272727272727
Becky,./data/CHILDES/Manchester/Becky/020619.cha,other_adult,human,Human,baseline_unrestricted,67,,,,0,0,0,0,0,0,
Becky,./data/CHILDES/Manchester/Becky/020508.cha,child,human,Human,baseline_unrestricted,71,0.0,0.0,0.0,0,0,6,5,11,11,0.0
Becky,./data/CHILDES/Manchester/Becky/020508.cha,mother,human,Human,baseline_unrestricted,71,0.2,0.3333333333333333,0.23809523809523808,3,2,15,6,16,21,0.23809523809523808
Becky,./data/CHILDES/Manchester/Becky/020508.cha,other_adult,human,Human,baseline_unrestricted,71,,,,0,0,0,0,0,0,
Becky,./data/CHILDES/Manchester/Becky/020124.cha,child,human,Human,baseline_unrestricted,84,,0.5,0.5,0,1,0,2,1,2,0.5
Becky,./data/CHILDES/Manchester/Becky/020124.cha,mother,human,Human,baseline_unrestricted,84,0.25,0.0,0.2,1,0,4,1,4,5,0.2
Becky,./data/CHILDES/Manchester/Becky/020124.cha,other_adult,human,Human,baseline_unrestricted,84,,,,0,0,0,0,0,0,
Becky,./data/CHILDES/Manchester/Becky/020130.cha,child,human,Human,baseline_unrestricted,81,0.0,0.0,0.0,0,0,6,4,10,10,0.0
Becky,./data/CHILDES/Manchester/Becky/020130.cha,mother,human,Human,baseline_unrestricted,81,0.0,0.2,0.07692307692307693,0,1,8,5,12,13,0.07692307692307693
Becky,./data/CHILDES/Manchester/Becky/020130.cha,other_adult,human,Human,baseline_unrestricted,81,,,,0,0,0,0,0,0,
Becky,./data/CHILDES/Manchester/Becky/020327.cha,child,human,Human,baseline_unrestricted,70,0.0625,0.42857142857142855,0.17391304347826086,1,3,16,7,19,23,0.17391304347826086
Becky,./data/CHILDES/Manchester/Becky/020327.cha,mother,human,Human,baseline_unrestricted,70,0.16666666666666666,0.0,0.13043478260869565,3,0,18,5,20,23,0.13043478260869565
Becky,./data/CHILDES/Manchester/Becky/020327.cha,other_adult,human,Human,baseline_unrestricted,70,,,,0,0,0,0,0,0,
Becky,./data/CHILDES/Manchester/Becky/021011.cha,child,human,Human,baseline_unrestricted,96,0.6,0.09090909090909091,0.3333333333333333,6,1,10,11,14,21,0.3333333333333333
Becky,./data/CHILDES/Manchester/Becky/021011.cha,mother,human,Human,baseline_unrestricted,96,0.125,0.3333333333333333,0.2608695652173913,1,5,8,15,17,23,0.2608695652173913
Becky,./data/CHILDES/Manchester/Becky/021011.cha,other_adult,human,Human,baseline_unrestricted,96,,,,0,0,0,0,0,0,
Becky,./data/CHILDES/Manchester/Becky/020709.cha,child,human,Human,baseline_unrestricted,68,0.09090909090909091,0.6666666666666666,0.35,1,6,11,9,13,20,0.35
Becky,./data/CHILDES/Manchester/Becky/020709.cha,mother,human,Human,baseline_unrestricted,68,0.2857142857142857,0.14285714285714285,0.23809523809523808,4,1,14,7,16,21,0.23809523809523808
Becky,./data/CHILDES/Manchester/Becky/020709.cha,other_adult,human,Human,baseline_unrestricted,68,,,,0,0,0,0,0,0,
Becky,./data/CHILDES/Manchester/Becky/020906.cha,child,human,Human,baseline_unrestricted,85,0.06666666666666667,0.5454545454545454,0.2692307692307692,1,6,15,11,19,26,0.2692307692307692
Becky,./data/CHILDES/Manchester/Becky/020906.cha,mother,human,Human,baseline_unrestricted,85,0.3125,0.1111111111111111,0.24,5,1,16,9,19,25,0.24
Becky,./data/CHILDES/Manchester/Becky/020906.cha,other_adult,human,Human,baseline_unrestricted,85,,,,0,0,0,0,0,0,
Becky,./data/CHILDES/Manchester/Becky/021012.cha,child,human,Human,baseline_unrestricted,68,0.08333333333333333,0.5714285714285714,0.2631578947368421,1,4,12,7,14,19,0.2631578947368421
Becky,./data/CHILDES/Manchester/Becky/021012.cha,mother,human,Human,baseline_unrestricted,68,0.07142857142857142,0.14285714285714285,0.09523809523809523,1,1,14,7,19,21,0.09523809523809523
Becky,./data/CHILDES/Manchester/Becky/021012.cha,other_adult,human,Human,baseline_unrestricted,68,,,,0,0,0,0,0,0,
Becky,./data/CHILDES/Manchester/Becky/020913.cha,child,human,Human,baseline_unrestricted,72,0.16666666666666666,0.14285714285714285,0.15384615384615385,1,1,6,7,11,13,0.15384615384615385
Becky,./data/CHILDES/Manchester/Becky/020913.cha,mother,human,Human,baseline_unrestricted,72,0.2222222222222222,0.25,0.23076923076923078,2,1,9,4,10,13,0.23076923076923078
Becky,./data/CHILDES/Manchester/Becky/020913.cha,other_adult,human,Human,baseline_unrestricted,72,,,,0,0,0,0,0,0,
Becky,./data/CHILDES/Manchester/Becky/020320.cha,child,human,Human,baseline_unrestricted,83,0.2222222222222222,0.4444444444444444,0.3333333333333333,2,4,9,9,12,18,0.3333333333333333
Becky,./data/CHILDES/Manchester/Becky/020320.cha,mother,human,Human,baseline_unrestricted,83,0.1875,0.3333333333333333,0.21052631578947367,3,1,16,3,15,19,0.21052631578947367
Becky,./data/CHILDES/Manchester/Becky/020320.cha,other_adult,human,Human,baseline_unrestricted,83,,,,0,0,0,0,0,0,
Becky,./data/CHILDES/Manchester/Becky/020726.cha,child,human,Human,baseline_unrestricted,58,0.25,0.0,0.2,1,0,4,1,4,5,0.2
Becky,./data/CHILDES/Manchester/Becky/020726.cha,mother,human,Human,baseline_unrestricted,58,0.0,0.2,0.125,0,1,3,5,7,8,0.125
Becky,./data/CHILDES/Manchester/Becky/020726.cha,other_adult,human,Human,baseline_unrestricted,58,,,,0,0,0,0,0,0,
Becky,./data/CHILDES/Manchester/Becky/020529.cha,child,human,Human,baseline_unrestricted,93,0.0,0.2,0.125,0,2,6,10,14,16,0.125
Becky,./data/CHILDES/Manchester/Becky/020529.cha,mother,human,Human,baseline_unrestricted,93,0.1,0.09090909090909091,0.0967741935483871,2,1,20,11,28,31,0.0967741935483871
Becky,./data/CHILDES/Manchester/Becky/020529.cha,other_adult,human,Human,baseline_unrestricted,93,,,,0,0,0,0,0,0,
Becky,./data/CHILDES/Manchester/Becky/020501.cha,child,human,Human,baseline_unrestricted,74,0.2,0.0,0.14285714285714285,1,0,5,2,6,7,0.14285714285714285
Becky,./data/CHILDES/Manchester/Becky/020501.cha,mother,human,Human,baseline_unrestricted,74,0.45454545454545453,0.16666666666666666,0.35294117647058826,5,1,11,6,11,17,0.35294117647058826
Becky,./data/CHILDES/Manchester/Becky/020501.cha,other_adult,human,Human,baseline_unrestricted,74,,,,0,0,0,0,0,0,
Becky,./data/CHILDES/Manchester/Becky/021025.cha,child,human,Human,baseline_unrestricted,59,0.0,0.3333333333333333,0.25,0,2,2,6,6,8,0.25
Becky,./data/CHILDES/Manchester/Becky/021025.cha,mother,human,Human,baseline_unrestricted,59,0.2,0.0,0.14285714285714285,1,0,5,2,6,7,0.14285714285714285
Becky,./data/CHILDES/Manchester/Becky/021025.cha,other_adult,human,Human,baseline_unrestricted,59,,,,0,0,0,0,0,0,
Becky,./data/CHILDES/Manchester/Becky/020111.cha,child,human,Human,baseline_unrestricted,80,0.0,0.0,0.0,0,0,1,6,7,7,0.0
Becky,./data/CHILDES/Manchester/Becky/020111.cha,mother,human,Human,baseline_unrestricted,80,0.2857142857142857,0.0,0.14285714285714285,2,0,7,7,12,14,0.14285714285714285
Becky,./data/CHILDES/Manchester/Becky/020111.cha,other_adult,human,Human,baseline_unrestricted,80,,,,0,0,0,0,0,0,
Becky,./data/CHILDES/Manchester/Becky/020306.cha,child,human,Human,baseline_unrestricted,59,0.0,0.4,0.2222222222222222,0,2,4,5,7,9,0.2222222222222222
Becky,./data/CHILDES/Manchester/Becky/020306.cha,mother,human,Human,baseline_unrestricted,59,0.5,0.0,0.2222222222222222,2,0,4,5,7,9,0.2222222222222222
Becky,./data/CHILDES/Manchester/Becky/020306.cha,other_adult,human,Human,baseline_unrestricted,59,,,,0,0,0,0,0,0,
Becky,./data/CHILDES/Manchester/Becky/020702.cha,child,human,Human,baseline_unrestricted,59,0.08333333333333333,0.5,0.14285714285714285,1,1,12,2,12,14,0.14285714285714285
Becky,./data/CHILDES/Manchester/Becky/020702.cha,mother,human,Human,baseline_unrestricted,59,0.0625,0.3333333333333333,0.13636363636363635,1,2,16,6,19,22,0.13636363636363635
Becky,./data/CHILDES/Manchester/Becky/020702.cha,other_adult,human,Human,baseline_unrestricted,59,,,,0,0,0,0,0,0,
Becky,./data/CHILDES/Manchester/Becky/020629.cha,child,human,Human,baseline_unrestricted,63,0.2,0.0,0.14285714285714285,2,0,10,4,12,14,0.14285714285714285
Becky,./data/CHILDES/Manchester/Becky/020629.cha,mother,human,Human,baseline_unrestricted,63,0.3,0.2,0.26666666666666666,3,1,10,5,11,15,0.26666666666666666
Becky,./data/CHILDES/Manchester/Becky/020629.cha,other_adult,human,Human,baseline_unrestricted,63,,,,0,0,0,0,0,0,
Becky,./data/CHILDES/Manchester/Becky/020007.cha,child,human,Human,baseline_unrestricted,67,0.0,1.0,0.3,0,3,7,3,7,10,0.3
Becky,./data/CHILDES/Manchester/Becky/020007.cha,mother,human,Human,baseline_unrestricted,67,0.5,0.0,0.4666666666666667,7,0,14,1,8,15,0.4666666666666667
Becky,./data/CHILDES/Manchester/Becky/020007.cha,other_adult,human,Human,baseline_unrestricted,67,,,,0,0,0,0,0,0,
Becky,./data/CHILDES/Manchester/Becky/020830.cha,child,human,Human,baseline_unrestricted,65,0.0,0.6666666666666666,0.15384615384615385,0,2,10,3,11,13,0.15384615384615385
Becky,./data/CHILDES/Manchester/Becky/020830.cha,mother,human,Human,baseline_unrestricted,65,0.17647058823529413,0.4,0.22727272727272727,3,2,17,5,17,22,0.22727272727272727
Becky,./data/CHILDES/Manchester/Becky/020830.cha,other_adult,human,Human,baseline_unrestricted,65,,,,0,0,0,0,0,0,
Becky,./data/CHILDES/Manchester/Becky/020428.cha,child,human,Human,baseline_unrestricted,71,0.2222222222222222,0.0,0.13333333333333333,2,0,9,6,13,15,0.13333333333333333
Becky,./data/CHILDES/Manchester/Becky/020428.cha,mother,human,Human,baseline_unrestricted,71,0.3333333333333333,0.0,0.2222222222222222,4,0,12,6,14,18,0.2222222222222222
Becky,./data/CHILDES/Manchester/Becky/020428.cha,other_adult,human,Human,baseline_unrestricted,71,,,,0,0,0,0,0,0,
Becky,./data/CHILDES/Manchester/Becky/020014.cha,child,human,Human,baseline_unrestricted,81,0.0,0.6666666666666666,0.4,0,4,4,6,6,10,0.4
Becky,./data/CHILDES/Manchester/Becky/020014.cha,mother,human,Human,baseline_unrestricted,81,0.125,0.0,0.09090909090909091,1,0,8,3,10,11,0.09090909090909091
Becky,./data/CHILDES/Manchester/Becky/020014.cha,other_adult,human,Human,baseline_unrestricted,81,,,,0,0,0,0,0,0,
Becky,./data/CHILDES/Manchester/Becky/020028.cha,child,human,Human,baseline_unrestricted,83,0.25,0.0,0.2222222222222222,2,0,8,1,7,9,0.2222222222222222
Becky,./data/CHILDES/Manchester/Becky/020028.cha,mother,human,Human,baseline_unrestricted,83,0.0,0.0,0.0,0,0,9,5,14,14,0.0
Becky,./data/CHILDES/Manchester/Becky/020028.cha,other_adult,human,Human,baseline_unrestricted,83,,,,0,0,0,0,0,0,
Becky,./data/CHILDES/Manchester/Becky/021108.cha,child,human,Human,baseline_unrestricted,75,0.09090909090909091,0.5,0.2631578947368421,1,4,11,8,14,19,0.2631578947368421
Becky,./data/CHILDES/Manchester/Becky/021108.cha,mother,human,Human,baseline_unrestricted,75,0.4444444444444444,0.2,0.35714285714285715,4,1,9,5,9,14,0.35714285714285715
Becky,./data/CHILDES/Manchester/Becky/021108.cha,other_adult,human,Human,baseline_unrestricted,75,,,,0,0,0,0,0,0,
Becky,./data/CHILDES/Manchester/Becky/020215.cha,child,human,Human,baseline_unrestricted,58,0.0,0.0,0.0,0,0,3,4,7,7,0.0
Becky,./data/CHILDES/Manchester/Becky/020215.cha,mother,human,Human,baseline_unrestricted,58,0.2,0.0,0.125,1,0,5,3,7,8,0.125
Becky,./data/CHILDES/Manchester/Becky/020215.cha,other_adult,human,Human,baseline_unrestricted,58,,,,0,0,0,0,0,0,
Becky,./data/CHILDES/Manchester/Becky/020605.cha,child,human,Human,baseline_unrestricted,69,0.125,0.16666666666666666,0.14285714285714285,1,1,8,6,12,14,0.14285714285714285
Becky,./data/CHILDES/Manchester/Becky/020605.cha,mother,human,Human,baseline_unrestricted,69,0.25,0.25,0.25,2,2,8,8,12,16,0.25
Becky,./data/CHILDES/Manchester/Becky/020605.cha,other_adult,human,Human,baseline_unrestricted,69,,,,0,0,0,0,0,0,
Liz,./data/CHILDES/Manchester/Liz/020230.cha,child,human,Human,baseline_unrestricted,71,0.1,0.0,0.0625,1,0,10,6,15,16,0.0625
Liz,./data/CHILDES/Manchester/Liz/020230.cha,mother,human,Human,baseline_unrestricted,71,0.2727272727272727,0.2222222222222222,0.25,3,2,11,9,15,20,0.25
Liz,./data/CHILDES/Manchester/Liz/020230.cha,other_adult,human,Human,baseline_unrestricted,71,,,,0,0,0,0,0,0,
Liz,./data/CHILDES/Manchester/Liz/020021.cha,child,human,Human,baseline_unrestricted,62,0.0,0.5,0.16666666666666666,0,1,4,2,5,6,0.16666666666666666
Liz,./data/CHILDES/Manchester/Liz/020021.cha,mother,human,Human,baseline_unrestricted,62,0.5,0.0,0.4,2,0,4,1,3,5,0.4
Liz,./data/CHILDES/Manchester/Liz/020021.cha,other_adult,human,Human,baseline_unrestricted,62,,,,0,0,0,0,0,0,
Liz,./data/CHILDES/Manchester/Liz/020223.cha,child,human,Human,baseline_unrestricted,56,0.16666666666666666,0.5,0.3,1,2,6,4,7,10,0.3
Liz,./data/CHILDES/Manchester/Liz/020223.cha,mother,human,Human,baseline_unrestricted,56,0.2222222222222222,0.0,0.15384615384615385,2,0,9,4,11,13,0.15384615384615385
Liz,./data/CHILDES/Manchester/Liz/020223.cha,other_adult,human,Human,baseline_unrestricted,56,,,,0,0,0,0,0,0,
Liz,./data/CHILDES/Manchester/Liz/020828.cha,child,human,Human,baseline_unrestricted,80,0.045454545454545456,0.3333333333333333,0.08,1,1,22,3,23,25,0.08
Liz,./data/CHILDES/Manchester/Liz/020828.cha,mother,human,Human,baseline_unrestricted,80,0.0,0.0,0.0,0,0,24,2,26,26,0.0
Liz,./data/CHILDES/Manchester/Liz/020828.cha,other_adult,human,Human,baseline_unrestricted,80,,,,0,0,0,0,0,0,
Liz,./data/CHILDES/Manchester/Liz/020814.cha,child,human,Human,baseline_unrestricted,65,0.0,0.5,0.18181818181818182,0,2,7,4,9,11,0.18181818181818182
Liz,./data/CHILDES/Manchester/Liz/020814.cha,mother,human,Human,baseline_unrestricted,65,0.25,0.0,0.2222222222222222,2,0,8,1,7,9,0.2222222222222222
Liz,./data/CHILDES/Manchester/Liz/020814.cha,other_adult,human,Human,baseline_unrestricted,65,,,,0,0,0,0,0,0,
Liz,./data/CHILDES/Manchester/Liz/020800.cha,child,human,Human,baseline_unrestricted,77,0.1,0.2,0.15,1,2,10,10,17,20,0.15
Liz,./data/CHILDES/Manchester/Liz/020800.cha,mother,human,Human,baseline_unrestricted,77,0.26666666666666666,0.2,0.25,4,1,15,5,15,20,0.25
Liz,./data/CHILDES/Manchester/Liz/020800.cha,other_adult,human,Human,baseline_unrestricted,77,,,,0,0,0,0,0,0,
Liz,./data/CHILDES/Manchester/Liz/020626.cha,child,human,Human,baseline_unrestricted,80,0.2,0.0,0.1,1,0,5,5,9,10,0.1
Liz,./data/CHILDES/Manchester/Liz/020626.cha,mother,human,Human,baseline_unrestricted,80,0.3,0.0,0.1875,3,0,10,6,13,16,0.1875
Liz,./data/CHILDES/Manchester/Liz/020626.cha,other_adult,human,Human,baseline_unrestricted,80,,,,0,0,0,0,0,0,
Liz,./data/CHILDES/Manchester/Liz/020424.cha,child,human,Human,baseline_unrestricted,82,0.0,0.25,0.14285714285714285,0,2,6,8,12,14,0.14285714285714285
Liz,./data/CHILDES/Manchester/Liz/020424.cha,mother,human,Human,baseline_unrestricted,82,0.3333333333333333,0.2857142857142857,0.3125,3,2,9,7,11,16,0.3125
Liz,./data/CHILDES/Manchester/Liz/020424.cha,other_adult,human,Human,baseline_unrestricted,82,,,,0,0,0,0,0,0,
Liz,./data/CHILDES/Manchester/Liz/020209.cha,child,human,Human,baseline_unrestricted,45,0.0,0.0,0.0,0,0,1,4,5,5,0.0
Liz,./data/CHILDES/Manchester/Liz/020209.cha,mother,human,Human,baseline_unrestricted,45,0.0,0.0,0.0,0,0,3,5,8,8,0.0
Liz,./data/CHILDES/Manchester/Liz/020209.cha,other_adult,human,Human,baseline_unrestricted,45,,,,0,0,0,0,0,0,
Liz,./data/CHILDES/Manchester/Liz/020125.cha,child,human,Human,baseline_unrestricted,67,0.0,0.16666666666666666,0.14285714285714285,0,1,1,6,6,7,0.14285714285714285
Liz,./data/CHILDES/Manchester/Liz/020125.cha,mother,human,Human,baseline_unrestricted,67,0.0,0.0,0.0,0,0,3,4,7,7,0.0
Liz,./data/CHILDES/Manchester/Liz/020125.cha,other_adult,human,Human,baseline_unrestricted,67,,,,0,0,0,0,0,0,
Liz,./data/CHILDES/Manchester/Liz/020327.cha,child,human,Human,baseline_unrestricted,75,0.0,0.0,0.0,0,0,4,9,13,13,0.0
Liz,./data/CHILDES/Manchester/Liz/020327.cha,mother,human,Human,baseline_unrestricted,75,0.125,0.0,0.05263157894736842,1,0,8,11,18,19,0.05263157894736842
Liz,./data/CHILDES/Manchester/Liz/020327.cha,other_adult,human,Human,baseline_unrestricted,75,,,,0,0,0,0,0,0,
Liz,./data/CHILDES/Manchester/Liz/021011.cha,child,human,Human,baseline_unrestricted,33,,0.5,0.5,0,1,0,2,1,2,0.5
Liz,./data/CHILDES/Manchester/Liz/021011.cha,mother,human,Human,baseline_unrestricted,33,,0.5,0.5,0,3,0,6,3,6,0.5
Liz,./data/CHILDES/Manchester/Liz/021011.cha,other_adult,human,Human,baseline_unrestricted,33,,,,0,0,0,0,0,0,
Liz,./data/CHILDES/Manchester/Liz/020904.cha,child,human,Human,baseline_unrestricted,66,0.23529411764705882,0.6,0.37037037037037035,4,6,17,10,17,27,0.37037037037037035
Liz,./data/CHILDES/Manchester/Liz/020904.cha,mother,human,Human,baseline_unrestricted,66,0.22727272727272727,0.6,0.2962962962962963,5,3,22,5,19,27,0.2962962962962963
Liz,./data/CHILDES/Manchester/Liz/020904.cha,other_adult,human,Human,baseline_unrestricted,66,,,,0,0,0,0,0,0,
Liz,./data/CHILDES/Manchester/Liz/020522.cha,child,human,Human,baseline_unrestricted,96,0.125,0.3333333333333333,0.23529411764705882,1,3,8,9,13,17,0.23529411764705882
Liz,./data/CHILDES/Manchester/Liz/020522.cha,mother,human,Human,baseline_unrestricted,96,0.375,0.0,0.3,6,0,16,4,14,20,0.3
Liz,./data/CHILDES/Manchester/Liz/020522.cha,other_adult,human,Human,baseline_unrestricted,96,,,,0,0,0,0,0,0,
Liz,./data/CHILDES/Manchester/Liz/011116.cha,child,human,Human,baseline_unrestricted,87,,,,0,0,0,0,0,0,
Liz,./data/CHILDES/Manchester/Liz/011116.cha,mother,human,Human,baseline_unrestricted,87,,,,0,0,0,0,0,0,
Liz,./data/CHILDES/Manchester/Liz/011116.cha,other_adult,human,Human,baseline_unrestricted,87,,,,0,0,0,0,0,0,
Liz,./data/CHILDES/Manchester/Liz/020717.cha,child,human,Human,baseline_unrestricted,69,0.18181818181818182,0.8,0.375,2,4,11,5,10,16,0.375
Liz,./data/CHILDES/Manchester/Liz/020717.cha,mother,human,Human,baseline_unrestricted,69,0.14285714285714285,0.0,0.10526315789473684,2,0,14,5,17,19,0.10526315789473684
Liz,./data/CHILDES/Manchester/Liz/020717.cha,other_adult,human,Human,baseline_unrestricted,69,,,,0,0,0,0,0,0,
Liz,./data/CHILDES/Manchester/Liz/020703.cha,child,human,Human,baseline_unrestricted,54,0.18181818181818182,0.0,0.15384615384615385,2,0,11,2,11,13,0.15384615384615385
Liz,./data/CHILDES/Manchester/Liz/020703.cha,mother,human,Human,baseline_unrestricted,54,0.16666666666666666,0.0,0.125,1,0,6,2,7,8,0.125
Liz,./data/CHILDES/Manchester/Liz/020703.cha,other_adult,human,Human,baseline_unrestricted,54,,,,0,0,0,0,0,0,
Liz,./data/CHILDES/Manchester/Liz/020918.cha,child,human,Human,baseline_unrestricted,54,0.0,0.0,0.0,0,0,6,2,8,8,0.0
Liz,./data/CHILDES/Manchester/Liz/020918.cha,mother,human,Human,baseline_unrestricted,54,0.25,0.0,0.2,1,0,4,1,4,5,0.2
Liz,./data/CHILDES/Manchester/Liz/020918.cha,other_adult,human,Human,baseline_unrestricted,54,,,,0,0,0,0,0,0,
Liz,./data/CHILDES/Manchester/Liz/020515.cha,child,human,Human,baseline_unrestricted,47,0.0,0.0,0.0,0,0,7,2,9,9,0.0
Liz,./data/CHILDES/Manchester/Liz/020515.cha,mother,human,Human,baseline_unrestricted,47,0.3333333333333333,0.0,0.2727272727272727,3,0,9,2,8,11,0.2727272727272727
Liz,./data/CHILDES/Manchester/Liz/020515.cha,other_adult,human,Human,baseline_unrestricted,47,,,,0,0,0,0,0,0,
Liz,./data/CHILDES/Manchester/Liz/020501.cha,child,human,Human,baseline_unrestricted,71,0.0,0.0,0.0,0,0,6,10,16,16,0.0
Liz,./data/CHILDES/Manchester/Liz/020501.cha,mother,human,Human,baseline_unrestricted,71,0.2727272727272727,0.0,0.2,3,0,11,4,12,15,0.2
Liz,./data/CHILDES/Manchester/Liz/020501.cha,other_adult,human,Human,baseline_unrestricted,71,,,,0,0,0,0,0,0,
Liz,./data/CHILDES/Manchester/Liz/020313.cha,child,human,Human,baseline_unrestricted,95,0.5,0.0,0.3,3,0,6,4,7,10,0.3
Liz,./data/CHILDES/Manchester/Liz/020313.cha,mother,human,Human,baseline_unrestricted,95,0.125,0.16666666666666666,0.14285714285714285,1,1,8,6,12,14,0.14285714285714285
Liz,./data/CHILDES/Manchester/Liz/020313.cha,other_adult,human,Human,baseline_unrestricted,95,,,,0,0,0,0,0,0,
Liz,./data/CHILDES/Manchester/Liz/020104.cha,child,human,Human,baseline_unrestricted,80,0.0,0.125,0.1,0,1,2,8,9,10,0.1
Liz,./data/CHILDES/Manchester/Liz/020104.cha,mother,human,Human,baseline_unrestricted,80,0.5,0.2,0.3333333333333333,2,1,4,5,6,9,0.3333333333333333
Liz,./data/CHILDES/Manchester/Liz/020104.cha,other_adult,human,Human,baseline_unrestricted,80,,,,0,0,0,0,0,0,
Liz,./data/CHILDES/Manchester/Liz/021018.cha,child,human,Human,baseline_unrestricted,57,0.16666666666666666,,0.16666666666666666,1,0,6,0,5,6,0.16666666666666666
Liz,./data/CHILDES/Manchester/Liz/021018.cha,mother,human,Human,baseline_unrestricted,57,0.0,,0.0,0,0,9,0,9,9,0.0
Liz,./data/CHILDES/Manchester/Liz/021018.cha,other_adult,human,Human,baseline_unrestricted,57,,,,0,0,0,0,0,0,
Liz,./data/CHILDES/Manchester/Liz/020925.cha,child,human,Human,baseline_unrestricted,72,0.0,0.5,0.2727272727272727,0,3,5,6,8,11,0.2727272727272727
Liz,./data/CHILDES/Manchester/Liz/020925.cha,mother,human,Human,baseline_unrestricted,72,0.3333333333333333,0.2,0.2727272727272727,2,1,6,5,8,11,0.2727272727272727
Liz,./data/CHILDES/Manchester/Liz/020925.cha,other_adult,human,Human,baseline_unrestricted,72,,,,0,0,0,0,0,0,
Liz,./data/CHILDES/Manchester/Liz/011109.cha,child,human,Human,baseline_unrestricted,68,,0.5,0.5,0,1,0,2,1,2,0.5
Liz,./data/CHILDES/Manchester/Liz/011109.cha,mother,human,Human,baseline_unrestricted,68,,,,0,0,0,0,0,0,
Liz,./data/CHILDES/Manchester/Liz/011109.cha,other_adult,human,Human,baseline_unrestricted,68,,,,0,0,0,0,0,0,
Liz,./data/CHILDES/Manchester/Liz/020403.cha,child,human,Human,baseline_unrestricted,95,0.0,0.14285714285714285,0.08333333333333333,0,1,5,7,11,12,0.08333333333333333
Liz,./data/CHILDES/Manchester/Liz/020403.cha,mother,human,Human,baseline_unrestricted,95,0.3333333333333333,0.0,0.1875,3,0,9,7,13,16,0.1875
Liz,./data/CHILDES/Manchester/Liz/020403.cha,other_adult,human,Human,baseline_unrestricted,95,,,,0,0,0,0,0,0,
Liz,./data/CHILDES/Manchester/Liz/020007.cha,child,human,Human,baseline_unrestricted,86,0.0,0.2,0.1,0,1,5,5,9,10,0.1
Liz,./data/CHILDES/Manchester/Liz/020007.cha,mother,human,Human,baseline_unrestricted,86,0.0,0.0,0.0,0,0,5,3,8,8,0.0
Liz,./data/CHILDES/Manchester/Liz/020007.cha,other_adult,human,Human,baseline_unrestricted,86,,,,0,0,0,0,0,0,
Liz,./data/CHILDES/Manchester/Liz/020014.cha,child,human,Human,baseline_unrestricted,69,0.125,0.0,0.07692307692307693,1,0,8,5,12,13,0.07692307692307693
Liz,./data/CHILDES/Manchester/Liz/020014.cha,mother,human,Human,baseline_unrestricted,69,0.3333333333333333,0.0,0.125,1,0,3,5,7,8,0.125
Liz,./data/CHILDES/Manchester/Liz/020014.cha,other_adult,human,Human,baseline_unrestricted,69,,,,0,0,0,0,0,0,
Liz,./data/CHILDES/Manchester/Liz/020028.cha,child,human,Human,baseline_unrestricted,99,0.6666666666666666,0.6666666666666666,0.6666666666666666,2,2,3,3,2,6,0.6666666666666666
Liz,./data/CHILDES/Manchester/Liz/020028.cha,mother,human,Human,baseline_unrestricted,99,0.5,0.5,0.5,2,2,4,4,4,8,0.5
Liz,./data/CHILDES/Manchester/Liz/020028.cha,other_adult,human,Human,baseline_unrestricted,99,,,,0,0,0,0,0,0,
Liz,./data/CHILDES/Manchester/Liz/020202.cha,child,human,Human,baseline_unrestricted,79,0.5,0.3333333333333333,0.42857142857142855,2,1,4,3,4,7,0.42857142857142855
Liz,./data/CHILDES/Manchester/Liz/020202.cha,mother,human,Human,baseline_unrestricted,79,0.18181818181818182,0.3333333333333333,0.21428571428571427,2,1,11,3,11,14,0.21428571428571427
Liz,./data/CHILDES/Manchester/Liz/020202.cha,other_adult,human,Human,baseline_unrestricted,79,,,,0,0,0,0,0,0,
Liz,./data/CHILDES/Manchester/Liz/020410.cha,child,human,Human,baseline_unrestricted,79,0.2857142857142857,0.0,0.2222222222222222,2,0,7,2,7,9,0.2222222222222222
Liz,./data/CHILDES/Manchester/Liz/020410.cha,mother,human,Human,baseline_unrestricted,79,0.14285714285714285,0.3333333333333333,0.23076923076923078,1,2,7,6,10,13,0.23076923076923078
Liz,./data/CHILDES/Manchester/Liz/020410.cha,other_adult,human,Human,baseline_unrestricted,79,,,,0,0,0,0,0,0,
Liz,./data/CHILDES/Manchester/Liz/020612.cha,child,human,Human,baseline_unrestricted,58,0.0,0.0,0.0,0,0,8,4,12,12,0.0
Liz,./data/CHILDES/Manchester/Liz/020612.cha,mother,human,Human,baseline_unrestricted,58,0.1111111111111111,0.0,0.09090909090909091,1,0,9,2,10,11,0.09090909090909091
Liz,./data/CHILDES/Manchester/Liz/020612.cha,other_adult,human,Human,baseline_unrestricted,58,,,,0,0,0,0,0,0,
Liz,./data/CHILDES/Manchester/Liz/020821.cha,child,human,Human,baseline_unrestricted,48,0.0,0.0,0.0,0,0,6,2,8,8,0.0
Liz,./data/CHILDES/Manchester/Liz/020821.cha,mother,human,Human,baseline_unrestricted,48,0.3333333333333333,0.0,0.14285714285714285,1,0,3,4,6,7,0.14285714285714285
Liz,./data/CHILDES/Manchester/Liz/020821.cha,other_adult,human,Human,baseline_unrestricted,48,,,,0,0,0,0,0,0,
Liz,./data/CHILDES/Manchester/Liz/020605.cha,child,human,Human,baseline_unrestricted,66,0.1,0.5,0.16666666666666666,1,1,10,2,10,12,0.16666666666666666
Liz,./data/CHILDES/Manchester/Liz/020605.cha,mother,human,Human,baseline_unrestricted,66,0.2222222222222222,0.3333333333333333,0.25,2,1,9,3,9,12,0.25
Liz,./data/CHILDES/Manchester/Liz/020605.cha,other_adult,human,Human,baseline_unrestricted,66,,,,0,0,0,0,0,0,
Carl,./data/CHILDES/Manchester/Carl/020807.cha,child,human,Human,baseline_unrestricted,86,0.29411764705882354,0.2857142857142857,0.2916666666666667,5,2,17,7,17,24,0.2916666666666667
Carl,./data/CHILDES/Manchester/Carl/020807.cha,mother,human,Human,baseline_unrestricted,86,0.25,0.38461538461538464,0.32,3,5,12,13,17,25,0.32
Carl,./data/CHILDES/Manchester/Carl/020807.cha,other_adult,human,Human,baseline_unrestricted,86,,,,0,0,0,0,0,0,
Carl,./data/CHILDES/Manchester/Carl/010913.cha,child,human,Human,baseline_unrestricted,66,0.25,0.2727272727272727,0.2647058823529412,3,6,12,22,25,34,0.2647058823529412
Carl,./data/CHILDES/Manchester/Carl/010913.cha,mother,human,Human,baseline_unrestricted,66,0.26666666666666666,0.2608695652173913,0.2631578947368421,4,6,15,23,28,38,0.2631578947368421
Carl,./data/CHILDES/Manchester/Carl/010913.cha,other_adult,human,Human,baseline_unrestricted,66,,,,0,0,0,0,0,0,
Carl,./data/CHILDES/Manchester/Carl/020026.cha,child,human,Human,baseline_unrestricted,94,0.35294117647058826,0.1875,0.2727272727272727,6,3,17,16,24,33,0.2727272727272727
Carl,./data/CHILDES/Manchester/Carl/020026.cha,mother,human,Human,baseline_unrestricted,94,0.26666666666666666,0.28,0.275,4,7,15,25,29,40,0.275
Carl,./data/CHILDES/Manchester/Carl/020026.cha,other_adult,human,Human,baseline_unrestricted,94,,,,0,0,0,0,0,0,
Carl,./data/CHILDES/Manchester/Carl/010928.cha,child,human,Human,baseline_unrestricted,67,0.09090909090909091,0.125,0.11428571428571428,1,3,11,24,31,35,0.11428571428571428
Carl,./data/CHILDES/Manchester/Carl/010928.cha,mother,human,Human,baseline_unrestricted,67,0.13333333333333333,0.12,0.125,2,3,15,25,35,40,0.125
Carl,./data/CHILDES/Manchester/Carl/010928.cha,other_adult,human,Human,baseline_unrestricted,67,,,,0,0,0,0,0,0,
Carl,./data/CHILDES/Manchester/Carl/020801.cha,child,human,Human,baseline_unrestricted,77,0.2727272727272727,0.13636363636363635,0.18181818181818182,3,3,11,22,27,33,0.18181818181818182
Carl,./data/CHILDES/Manchester/Carl/020801.cha,mother,human,Human,baseline_unrestricted,77,0.4,0.15,0.2571428571428571,6,3,15,20,26,35,0.2571428571428571
Carl,./data/CHILDES/Manchester/Carl/020801.cha,other_adult,human,Human,baseline_unrestricted,77,,,,0,0,0,0,0,0,
Carl,./data/CHILDES/Manchester/Carl/020815.cha,child,human,Human,baseline_unrestricted,72,0.8,0.09523809523809523,0.3225806451612903,8,2,10,21,21,31,0.3225806451612903
Carl,./data/CHILDES/Manchester/Carl/020815.cha,mother,human,Human,baseline_unrestricted,72,0.2857142857142857,0.25,0.2647058823529412,4,5,14,20,25,34,0.2647058823529412
Carl,./data/CHILDES/Manchester/Carl/020815.cha,other_adult,human,Human,baseline_unrestricted,72,,,,0,0,0,0,0,0,
Carl,./data/CHILDES/Manchester/Carl/020222.cha,child,human,Human,baseline_unrestricted,88,0.22727272727272727,0.2727272727272727,0.24242424242424243,5,3,22,11,25,33,0.24242424242424243
Carl,./data/CHILDES/Manchester/Carl/020222.cha,mother,human,Human,baseline_unrestricted,88,0.13333333333333333,0.17647058823529413,0.14893617021276595,4,3,30,17,40,47,0.14893617021276595
Carl,./data/CHILDES/Manchester/Carl/020222.cha,other_adult,human,Human,baseline_unrestricted,88,,,,0,0,0,0,0,0,
Carl,./data/CHILDES/Manchester/Carl/020619.cha,child,human,Human,baseline_unrestricted,65,0.75,0.09090909090909091,0.26666666666666666,3,1,4,11,11,15,0.26666666666666666
Carl,./data/CHILDES/Manchester/Carl/020619.cha,mother,human,Human,baseline_unrestricted,65,0.5,0.16666666666666666,0.2777777777777778,3,2,6,12,13,18,0.2777777777777778
Carl,./data/CHILDES/Manchester/Carl/020619.cha,other_adult,human,Human,baseline_unrestricted,65,,,,0,0,0,0,0,0,
Carl,./data/CHILDES/Manchester/Carl/010902.cha,child,human,Human,baseline_unrestricted,103,0.18181818181818182,0.42857142857142855,0.3023255813953488,4,9,22,21,30,43,0.3023255813953488
Carl,./data/CHILDES/Manchester/Carl/010902.cha,mother,human,Human,baseline_unrestricted,103,0.11538461538461539,0.14285714285714285,0.1276595744680851,3,3,26,21,41,47,0.1276595744680851
Carl,./data/CHILDES/Manchester/Carl/010902.cha,other_adult,human,Human,baseline_unrestricted,103,,,,0,0,0,0,0,0,
Carl,./data/CHILDES/Manchester/Carl/020508.cha,child,human,Human,baseline_unrestricted,92,0.6666666666666666,0.14814814814814814,0.3076923076923077,8,4,12,27,27,39,0.3076923076923077
Carl,./data/CHILDES/Manchester/Carl/020508.cha,mother,human,Human,baseline_unrestricted,92,0.23076923076923078,0.1891891891891892,0.2,3,7,13,37,40,50,0.2
Carl,./data/CHILDES/Manchester/Carl/020508.cha,other_adult,human,Human,baseline_unrestricted,92,,,,0,0,0,0,0,0,
Carl,./data/CHILDES/Manchester/Carl/020520.cha,child,human,Human,baseline_unrestricted,89,0.08333333333333333,0.13043478260869565,0.11428571428571428,1,3,12,23,31,35,0.11428571428571428
Carl,./data/CHILDES/Manchester/Carl/020520.cha,mother,human,Human,baseline_unrestricted,89,0.2608695652173913,0.05263157894736842,0.16666666666666666,6,1,23,19,35,42,0.16666666666666666
Carl,./data/CHILDES/Manchester/Carl/020520.cha,other_adult,human,Human,baseline_unrestricted,89,,,,0,0,0,0,0,0,
Carl,./data/CHILDES/Manchester/Carl/020125.cha,child,human,Human,baseline_unrestricted,86,0.25,0.0,0.15384615384615385,2,0,8,5,11,13,0.15384615384615385
Carl,./data/CHILDES/Manchester/Carl/020125.cha,mother,human,Human,baseline_unrestricted,86,0.1875,0.0,0.10714285714285714,3,0,16,12,25,28,0.10714285714285714
Carl,./data/CHILDES/Manchester/Carl/020125.cha,other_adult,human,Human,baseline_unrestricted,86,,,,0,0,0,0,0,0,
Carl,./data/CHILDES/Manchester/Carl/020327.cha,child,human,Human,baseline_unrestricted,79,0.25,0.4166666666666667,0.35,2,5,8,12,13,20,0.35
Carl,./data/CHILDES/Manchester/Carl/020327.cha,mother,human,Human,baseline_unrestricted,79,0.18181818181818182,0.25,0.21739130434782608,2,3,11,12,18,23,0.21739130434782608
Carl,./data/CHILDES/Manchester/Carl/020327.cha,other_adult,human,Human,baseline_unrestricted,79,,,,0,0,0,0,0,0,
Carl,./data/CHILDES/Manchester/Carl/020319.cha,child,human,Human,baseline_unrestricted,81,0.25,0.1875,0.20833333333333334,2,3,8,16,19,24,0.20833333333333334
Carl,./data/CHILDES/Manchester/Carl/020319.cha,mother,human,Human,baseline_unrestricted,81,0.35294117647058826,0.15,0.24324324324324326,6,3,17,20,28,37,0.24324324324324326
Carl,./data/CHILDES/Manchester/Carl/020319.cha,other_adult,human,Human,baseline_unrestricted,81,,,,0,0,0,0,0,0,
Carl,./data/CHILDES/Manchester/Carl/011112.cha,child,human,Human,baseline_unrestricted,67,0.4,0.4444444444444444,0.42105263157894735,4,4,10,9,11,19,0.42105263157894735
Carl,./data/CHILDES/Manchester/Carl/011112.cha,mother,human,Human,baseline_unrestricted,67,0.35714285714285715,0.25,0.3076923076923077,5,3,14,12,18,26,0.3076923076923077
Carl,./data/CHILDES/Manchester/Carl/011112.cha,other_adult,human,Human,baseline_unrestricted,67,,,,0,0,0,0,0,0,
Carl,./data/CHILDES/Manchester/Carl/011103.cha,child,human,Human,baseline_unrestricted,55,0.4,0.1,0.25,4,1,10,10,15,20,0.25
Carl,./data/CHILDES/Manchester/Carl/011103.cha,mother,human,Human,baseline_unrestricted,55,0.2222222222222222,0.1,0.13793103448275862,2,2,9,20,25,29,0.13793103448275862
Carl,./data/CHILDES/Manchester/Carl/011103.cha,other_adult,human,Human,baseline_unrestricted,55,,,,0,0,0,0,0,0,
Carl,./data/CHILDES/Manchester/Carl/020527.cha,child,human,Human,baseline_unrestricted,91,0.4166666666666667,0.15,0.25,5,3,12,20,24,32,0.25
Carl,./data/CHILDES/Manchester/Carl/020527.cha,mother,human,Human,baseline_unrestricted,91,0.18181818181818182,0.08,0.1111111111111111,2,2,11,25,32,36,0.1111111111111111
Carl,./data/CHILDES/Manchester/Carl/020527.cha,other_adult,human,Human,baseline_unrestricted,91,,,,0,0,0,0,0,0,
Carl,./data/CHILDES/Manchester/Carl/011129.cha,child,human,Human,baseline_unrestricted,56,0.2777777777777778,0.36363636363636365,0.3103448275862069,5,4,18,11,20,29,0.3103448275862069
Carl,./data/CHILDES/Manchester/Carl/011129.cha,mother,human,Human,baseline_unrestricted,56,0.2857142857142857,0.18181818181818182,0.25,6,2,21,11,24,32,0.25
Carl,./data/CHILDES/Manchester/Carl/011129.cha,other_adult,human,Human,baseline_unrestricted,56,,,,0,0,0,0,0,0,
Carl,./data/CHILDES/Manchester/Carl/011115.cha,child,human,Human,baseline_unrestricted,73,0.2777777777777778,0.25,0.2647058823529412,5,4,18,16,25,34,0.2647058823529412
Carl,./data/CHILDES/Manchester/Carl/011115.cha,mother,human,Human,baseline_unrestricted,73,0.17647058823529413,0.15,0.16216216216216217,3,3,17,20,31,37,0.16216216216216217
Carl,./data/CHILDES/Manchester/Carl/011115.cha,other_adult,human,Human,baseline_unrestricted,73,,,,0,0,0,0,0,0,
Carl,./data/CHILDES/Manchester/Carl/020703.cha,child,human,Human,baseline_unrestricted,111,0.44,0.10526315789473684,0.29545454545454547,11,2,25,19,31,44,0.29545454545454547
Carl,./data/CHILDES/Manchester/Carl/020703.cha,mother,human,Human,baseline_unrestricted,111,0.08333333333333333,0.35714285714285715,0.275,1,10,12,28,29,40,0.275
Carl,./data/CHILDES/Manchester/Carl/020703.cha,other_adult,human,Human,baseline_unrestricted,111,,,,0,0,0,0,0,0,
Carl,./data/CHILDES/Manchester/Carl/020304.cha,child,human,Human,baseline_unrestricted,92,0.29411764705882354,0.2,0.23809523809523808,5,5,17,25,32,42,0.23809523809523808
Carl,./data/CHILDES/Manchester/Carl/020304.cha,mother,human,Human,baseline_unrestricted,92,0.17647058823529413,0.10714285714285714,0.13333333333333333,3,3,17,28,39,45,0.13333333333333333
Carl,./data/CHILDES/Manchester/Carl/020304.cha,other_adult,human,Human,baseline_unrestricted,92,,,,0,0,0,0,0,0,
Carl,./data/CHILDES/Manchester/Carl/020711.cha,child,human,Human,baseline_unrestricted,73,0.3,0.4,0.3333333333333333,3,2,10,5,10,15,0.3333333333333333
Carl,./data/CHILDES/Manchester/Carl/020711.cha,mother,human,Human,baseline_unrestricted,73,0.08333333333333333,0.3333333333333333,0.16666666666666666,1,2,12,6,15,18,0.16666666666666666
Carl,./data/CHILDES/Manchester/Carl/020711.cha,other_adult,human,Human,baseline_unrestricted,73,,,,0,0,0,0,0,0,
Carl,./data/CHILDES/Manchester/Carl/010822.cha,child,human,Human,baseline_unrestricted,79,0.05263157894736842,0.6086956521739131,0.35714285714285715,1,14,19,23,27,42,0.35714285714285715
Carl,./data/CHILDES/Manchester/Carl/010822.cha,mother,human,Human,baseline_unrestricted,79,0.3333333333333333,0.4,0.35,10,4,30,10,26,40,0.35
Carl,./data/CHILDES/Manchester/Carl/010822.cha,other_adult,human,Human,baseline_unrestricted,79,,,,0,0,0,0,0,0,
Carl,./data/CHILDES/Manchester/Carl/020513.cha,child,human,Human,baseline_unrestricted,80,0.6,0.08333333333333333,0.3181818181818182,6,1,10,12,15,22,0.3181818181818182
Carl,./data/CHILDES/Manchester/Carl/020513.cha,mother,human,Human,baseline_unrestricted,80,0.18181818181818182,0.19230769230769232,0.1891891891891892,2,5,11,26,30,37,0.1891891891891892
Carl,./data/CHILDES/Manchester/Carl/020513.cha,other_adult,human,Human,baseline_unrestricted,80,,,,0,0,0,0,0,0,
Carl,./data/CHILDES/Manchester/Carl/020103.cha,child,human,Human,baseline_unrestricted,32,0.0,0.0,0.0,0,0,3,8,11,11,0.0
Carl,./data/CHILDES/Manchester/Carl/020103.cha,mother,human,Human,baseline_unrestricted,32,0.0,0.0,0.0,0,0,2,14,16,16,0.0
Carl,./data/CHILDES/Manchester/Carl/020103.cha,other_adult,human,Human,baseline_unrestricted,32,,,,0,0,0,0,0,0,
Carl,./data/CHILDES/Manchester/Carl/020116.cha,child,human,Human,baseline_unrestricted,54,0.0,0.3333333333333333,0.2222222222222222,0,2,3,6,7,9,0.2222222222222222
Carl,./data/CHILDES/Manchester/Carl/020116.cha,mother,human,Human,baseline_unrestricted,54,0.4,0.3333333333333333,0.375,4,2,10,6,10,16,0.375
Carl,./data/CHILDES/Manchester/Carl/020116.cha,other_adult,human,Human,baseline_unrestricted,54,,,,0,0,0,0,0,0,
Carl,./data/CHILDES/Manchester/Carl/011122.cha,child,human,Human,baseline_unrestricted,64,0.5333333333333333,0.0,0.34782608695652173,8,0,15,8,15,23,0.34782608695652173
Carl,./data/CHILDES/Manchester/Carl/011122.cha,mother,human,Human,baseline_unrestricted,64,0.0,0.3076923076923077,0.14285714285714285,0,4,15,13,24,28,0.14285714285714285
Carl,./data/CHILDES/Manchester/Carl/011122.cha,other_adult,human,Human,baseline_unrestricted,64,,,,0,0,0,0,0,0,
Carl,./data/CHILDES/Manchester/Carl/020006.cha,child,human,Human,baseline_unrestricted,69,0.6666666666666666,0.1111111111111111,0.25,4,2,6,18,18,24,0.25
Carl,./data/CHILDES/Manchester/Carl/020006.cha,mother,human,Human,baseline_unrestricted,69,0.0,0.15789473684210525,0.12,0,3,6,19,22,25,0.12
Carl,./data/CHILDES/Manchester/Carl/020006.cha,other_adult,human,Human,baseline_unrestricted,69,,,,0,0,0,0,0,0,
Carl,./data/CHILDES/Manchester/Carl/011019.cha,child,human,Human,baseline_unrestricted,66,0.5833333333333334,0.0,0.3181818181818182,7,0,12,10,15,22,0.3181818181818182
Carl,./data/CHILDES/Manchester/Carl/011019.cha,mother,human,Human,baseline_unrestricted,66,0.5,0.35294117647058826,0.391304347826087,3,6,6,17,14,23,0.391304347826087
Carl,./data/CHILDES/Manchester/Carl/011019.cha,other_adult,human,Human,baseline_unrestricted,66,,,,0,0,0,0,0,0,
Carl,./data/CHILDES/Manchester/Carl/020410.cha,child,human,Human,baseline_unrestricted,88,0.09090909090909091,0.21052631578947367,0.16666666666666666,1,4,11,19,25,30,0.16666666666666666
Carl,./data/CHILDES/Manchester/Carl/020410.cha,mother,human,Human,baseline_unrestricted,88,0.35294117647058826,0.058823529411764705,0.20588235294117646,6,1,17,17,27,34,0.20588235294117646
Carl,./data/CHILDES/Manchester/Carl/020410.cha,other_adult,human,Human,baseline_unrestricted,88,,,,0,0,0,0,0,0,
Carl,./data/CHILDES/Manchester/Carl/020215.cha,child,human,Human,baseline_unrestricted,83,0.14285714285714285,0.6,0.2631578947368421,2,3,14,5,14,19,0.2631578947368421
Carl,./data/CHILDES/Manchester/Carl/020215.cha,mother,human,Human,baseline_unrestricted,83,0.25,0.16666666666666666,0.23076923076923078,5,1,20,6,20,26,0.23076923076923078
Carl,./data/CHILDES/Manchester/Carl/020215.cha,other_adult,human,Human,baseline_unrestricted,83,,,,0,0,0,0,0,0,
Carl,./data/CHILDES/Manchester/Carl/010922.cha,child,human,Human,baseline_unrestricted,61,0.6153846153846154,0.045454545454545456,0.2571428571428571,8,1,13,22,26,35,0.2571428571428571
Carl,./data/CHILDES/Manchester/Carl/010922.cha,mother,human,Human,baseline_unrestricted,61,0.14285714285714285,0.2413793103448276,0.2222222222222222,1,7,7,29,28,36,0.2222222222222222
Carl,./data/CHILDES/Manchester/Carl/010922.cha,other_adult,human,Human,baseline_unrestricted,61,,,,0,0,0,0,0,0,
Carl,./data/CHILDES/Manchester/Carl/020228.cha,child,human,Human,baseline_unrestricted,79,0.3333333333333333,0.14285714285714285,0.23076923076923078,4,2,12,14,20,26,0.23076923076923078
Carl,./data/CHILDES/Manchester/Carl/020228.cha,mother,human,Human,baseline_unrestricted,79,0.25,0.17647058823529413,0.20689655172413793,3,3,12,17,23,29,0.20689655172413793
Carl,./data/CHILDES/Manchester/Carl/020228.cha,other_adult,human,Human,baseline_unrestricted,79,,,,0,0,0,0,0,0,
Joel,./data/CHILDES/Manchester/Joel/020422.cha,child,human,Human,baseline_unrestricted,76,0.2,0.16666666666666666,0.1875,2,1,10,6,13,16,0.1875
Joel,./data/CHILDES/Manchester/Joel/020422.cha,mother,human,Human,baseline_unrestricted,76,0.2222222222222222,0.4,0.2608695652173913,4,2,18,5,17,23,0.2608695652173913
Joel,./data/CHILDES/Manchester/Joel/020422.cha,other_adult,human,Human,baseline_unrestricted,76,,,,0,0,0,0,0,0,
Joel,./data/CHILDES/Manchester/Joel/020026.cha,child,human,Human,baseline_unrestricted,62,0.0,0.0,0.0,0,0,2,1,3,3,0.0
Joel,./data/CHILDES/Manchester/Joel/020026.cha,mother,human,Human,baseline_unrestricted,62,0.3333333333333333,0.0,0.16666666666666666,1,0,3,3,5,6,0.16666666666666666
Joel,./data/CHILDES/Manchester/Joel/020026.cha,other_adult,human,Human,baseline_unrestricted,62,,,,0,0,0,0,0,0,
Joel,./data/CHILDES/Manchester/Joel/020800.cha,child,human,Human,baseline_unrestricted,89,0.0,0.0,0.0,0,0,5,5,10,10,0.0
Joel,./data/CHILDES/Manchester/Joel/020800.cha,mother,human,Human,baseline_unrestricted,89,0.0,0.0,0.0,0,0,11,2,13,13,0.0
Joel,./data/CHILDES/Manchester/Joel/020800.cha,other_adult,human,Human,baseline_unrestricted,89,,,,0,0,0,0,0,0,
Joel,./data/CHILDES/Manchester/Joel/020626.cha,child,human,Human,baseline_unrestricted,107,0.1111111111111111,0.14285714285714285,0.125,1,1,9,7,14,16,0.125
Joel,./data/CHILDES/Manchester/Joel/020626.cha,mother,human,Human,baseline_unrestricted,107,0.16666666666666666,0.1,0.125,1,1,6,10,14,16,0.125
Joel,./data/CHILDES/Manchester/Joel/020626.cha,other_adult,human,Human,baseline_unrestricted,107,,,,0,0,0,0,0,0,
Joel,./data/CHILDES/Manchester/Joel/020619.cha,child,human,Human,baseline_unrestricted,85,0.1111111111111111,0.21428571428571427,0.17391304347826086,1,3,9,14,19,23,0.17391304347826086
Joel,./data/CHILDES/Manchester/Joel/020619.cha,mother,human,Human,baseline_unrestricted,85,0.18181818181818182,0.15384615384615385,0.16666666666666666,2,2,11,13,20,24,0.16666666666666666
Joel,./data/CHILDES/Manchester/Joel/020619.cha,other_adult,human,Human,baseline_unrestricted,85,,,,0,0,0,0,0,0,
Joel,./data/CHILDES/Manchester/Joel/020221.cha,child,human,Human,baseline_unrestricted,70,0.0,0.0,0.0,0,0,2,1,3,3,0.0
Joel,./data/CHILDES/Manchester/Joel/020221.cha,mother,human,Human,baseline_unrestricted,70,0.0,0.0,0.0,0,0,4,4,8,8,0.0
Joel,./data/CHILDES/Manchester/Joel/020221.cha,other_adult,human,Human,baseline_unrestricted,70,,,,0,0,0,0,0,0,
Joel,./data/CHILDES/Manchester/Joel/021004.cha,child,human,Human,baseline_unrestricted,79,0.125,0.4,0.23076923076923078,1,2,8,5,10,13,0.23076923076923078
Joel,./data/CHILDES/Manchester/Joel/021004.cha,mother,human,Human,baseline_unrestricted,79,0.16666666666666666,0.2857142857142857,0.21052631578947367,2,2,12,7,15,19,0.21052631578947367
Joel,./data/CHILDES/Manchester/Joel/021004.cha,other_adult,human,Human,baseline_unrestricted,79,,,,0,0,0,0,0,0,
Joel,./data/CHILDES/Manchester/Joel/011111.cha,child,human,Human,baseline_unrestricted,58,,0.25,0.25,0,1,0,4,3,4,0.25
Joel,./data/CHILDES/Manchester/Joel/011111.cha,mother,human,Human,baseline_unrestricted,58,0.0,0.0,0.0,0,0,1,2,3,3,0.0
Joel,./data/CHILDES/Manchester/Joel/011111.cha,other_adult,human,Human,baseline_unrestricted,58,,,,0,0,0,0,0,0,
Joel,./data/CHILDES/Manchester/Joel/021011.cha,child,human,Human,baseline_unrestricted,90,0.3333333333333333,0.0,0.09090909090909091,1,0,3,8,10,11,0.09090909090909091
Joel,./data/CHILDES/Manchester/Joel/021011.cha,mother,human,Human,baseline_unrestricted,90,0.0,0.0,0.0,0,0,4,11,15,15,0.0
Joel,./data/CHILDES/Manchester/Joel/021011.cha,other_adult,human,Human,baseline_unrestricted,90,,,,0,0,0,0,0,0,
Joel,./data/CHILDES/Manchester/Joel/020709.cha,child,human,Human,baseline_unrestricted,68,0.0,0.3333333333333333,0.1,0,1,7,3,9,10,0.1
Joel,./data/CHILDES/Manchester/Joel/020709.cha,mother,human,Human,baseline_unrestricted,68,0.14285714285714285,0.4,0.25,1,2,7,5,9,12,0.25
Joel,./data/CHILDES/Manchester/Joel/020709.cha,other_adult,human,Human,baseline_unrestricted,68,,,,0,0,0,0,0,0,
Joel,./data/CHILDES/Manchester/Joel/020325.cha,child,human,Human,baseline_unrestricted,87,0.2,,0.2,1,0,5,0,4,5,0.2
Joel,./data/CHILDES/Manchester/Joel/020325.cha,mother,human,Human,baseline_unrestricted,87,0.2222222222222222,0.0,0.18181818181818182,2,0,9,2,9,11,0.18181818181818182
Joel,./data/CHILDES/Manchester/Joel/020325.cha,other_adult,human,Human,baseline_unrestricted,87,,,,0,0,0,0,0,0,
Joel,./data/CHILDES/Manchester/Joel/020913.cha,child,human,Human,baseline_unrestricted,85,0.0,0.0,0.0,0,0,8,5,13,13,0.0
Joel,./data/CHILDES/Manchester/Joel/020913.cha,mother,human,Human,baseline_unrestricted,85,0.1,0.14285714285714285,0.11764705882352941,1,1,10,7,15,17,0.11764705882352941
Joel,./data/CHILDES/Manchester/Joel/020913.cha,other_adult,human,Human,baseline_unrestricted,85,,,,0,0,0,0,0,0,
Joel,./data/CHILDES/Manchester/Joel/020526.cha,child,human,Human,baseline_unrestricted,41,0.0,0.2857142857142857,0.2,0,2,3,7,8,10,0.2
Joel,./data/CHILDES/Manchester/Joel/020526.cha,mother,human,Human,baseline_unrestricted,41,0.5,0.0,0.2857142857142857,4,0,8,6,10,14,0.2857142857142857
Joel,./data/CHILDES/Manchester/Joel/020526.cha,other_adult,human,Human,baseline_unrestricted,41,,,,0,0,0,0,0,0,
Joel,./data/CHILDES/Manchester/Joel/020123.cha,child,human,Human,baseline_unrestricted,71,0.25,0.5,0.3333333333333333,2,2,8,4,8,12,0.3333333333333333
Joel,./data/CHILDES/Manchester/Joel/020123.cha,mother,human,Human,baseline_unrestricted,71,0.08333333333333333,0.0,0.07142857142857142,1,0,12,2,13,14,0.07142857142857142
Joel,./data/CHILDES/Manchester/Joel/020123.cha,other_adult,human,Human,baseline_unrestricted,71,,,,0,0,0,0,0,0,
Joel,./data/CHILDES/Manchester/Joel/020900.cha,child,human,Human,baseline_unrestricted,57,0.0,1.0,0.3333333333333333,0,1,2,1,2,3,0.3333333333333333
Joel,./data/CHILDES/Manchester/Joel/020900.cha,mother,human,Human,baseline_unrestricted,57,0.125,,0.125,1,0,8,0,7,8,0.125
Joel,./data/CHILDES/Manchester/Joel/020900.cha,other_adult,human,Human,baseline_unrestricted,57,,,,0,0,0,0,0,0,
Joel,./data/CHILDES/Manchester/Joel/011129.cha,child,human,Human,baseline_unrestricted,84,0.16666666666666666,0.0,0.1,1,0,6,4,9,10,0.1
Joel,./data/CHILDES/Manchester/Joel/011129.cha,mother,human,Human,baseline_unrestricted,84,0.3333333333333333,0.2,0.25,1,1,3,5,6,8,0.25
Joel,./data/CHILDES/Manchester/Joel/011129.cha,other_adult,human,Human,baseline_unrestricted,84,,,,0,0,0,0,0,0,
Joel,./data/CHILDES/Manchester/Joel/011101.cha,child,human,Human,baseline_unrestricted,51,,,,0,0,0,0,0,0,
Joel,./data/CHILDES/Manchester/Joel/011101.cha,mother,human,Human,baseline_unrestricted,51,0.0,,0.0,0,0,1,0,1,1,0.0
Joel,./data/CHILDES/Manchester/Joel/011101.cha,other_adult,human,Human,baseline_unrestricted,51,,,,0,0,0,0,0,0,
Joel,./data/CHILDES/Manchester/Joel/020110.cha,child,human,Human,baseline_unrestricted,50,,0.0,0.0,0,0,0,2,2,2,0.0
Joel,./data/CHILDES/Manchester/Joel/020110.cha,mother,human,Human,baseline_unrestricted,50,0.0,0.0,0.0,0,0,3,2,5,5,0.0
Joel,./data/CHILDES/Manchester/Joel/020110.cha,other_adult,human,Human,baseline_unrestricted,50,,,,0,0,0,0,0,0,
Joel,./data/CHILDES/Manchester/Joel/020716.cha,child,human,Human,baseline_unrestricted,117,0.1111111111111111,0.2222222222222222,0.16666666666666666,1,2,9,9,15,18,0.16666666666666666
Joel,./data/CHILDES/Manchester/Joel/020716.cha,mother,human,Human,baseline_unrestricted,117,0.25,0.08333333333333333,0.1875,5,1,20,12,26,32,0.1875
Joel,./data/CHILDES/Manchester/Joel/020716.cha,other_adult,human,Human,baseline_unrestricted,117,,,,0,0,0,0,0,0,
Joel,./data/CHILDES/Manchester/Joel/020304.cha,child,human,Human,baseline_unrestricted,80,0.0,0.3333333333333333,0.2,0,1,2,3,4,5,0.2
Joel,./data/CHILDES/Manchester/Joel/020304.cha,mother,human,Human,baseline_unrestricted,80,0.2,0.0,0.18181818181818182,2,0,10,1,9,11,0.18181818181818182
Joel,./data/CHILDES/Manchester/Joel/020304.cha,other_adult,human,Human,baseline_unrestricted,80,,,,0,0,0,0,0,0,
Joel,./data/CHILDES/Manchester/Joel/020311.cha,child,human,Human,baseline_unrestricted,72,0.5,,0.5,1,0,2,0,1,2,0.5
Joel,./data/CHILDES/Manchester/Joel/020311.cha,mother,human,Human,baseline_unrestricted,72,0.0,,0.0,0,0,5,0,5,5,0.0
Joel,./data/CHILDES/Manchester/Joel/020311.cha,other_adult,human,Human,baseline_unrestricted,72,,,,0,0,0,0,0,0,
Joel,./data/CHILDES/Manchester/Joel/020513.cha,child,human,Human,baseline_unrestricted,95,0.2,0.06666666666666667,0.12,2,1,10,15,22,25,0.12
Joel,./data/CHILDES/Manchester/Joel/020513.cha,mother,human,Human,baseline_unrestricted,95,0.0,0.14285714285714285,0.07692307692307693,0,2,12,14,24,26,0.07692307692307693
Joel,./data/CHILDES/Manchester/Joel/020513.cha,other_adult,human,Human,baseline_unrestricted,95,,,,0,0,0,0,0,0,
Joel,./data/CHILDES/Manchester/Joel/020103.cha,child,human,Human,baseline_unrestricted,76,0.0,0.0,0.0,0,0,2,2,4,4,0.0
Joel,./data/CHILDES/Manchester/Joel/020103.cha,mother,human,Human,baseline_unrestricted,76,0.0,0.0,0.0,0,0,6,3,9,9,0.0
Joel,./data/CHILDES/Manchester/Joel/020103.cha,other_adult,human,Human,baseline_unrestricted,76,,,,0,0,0,0,0,0,
Joel,./data/CHILDES/Manchester/Joel/011122.cha,child,human,Human,baseline_unrestricted,94,0.2,0.3333333333333333,0.25,1,1,5,3,6,8,0.25
Joel,./data/CHILDES/Manchester/Joel/011122.cha,mother,human,Human,baseline_unrestricted,94,0.125,0.0,0.09090909090909091,1,0,8,3,10,11,0.09090909090909091
Joel,./data/CHILDES/Manchester/Joel/011122.cha,other_adult,human,Human,baseline_unrestricted,94,,,,0,0,0,0,0,0,
Joel,./data/CHILDES/Manchester/Joel/020506.cha,child,human,Human,baseline_unrestricted,38,0.0,0.5,0.125,0,1,6,2,7,8,0.125
Joel,./data/CHILDES/Manchester/Joel/020506.cha,mother,human,Human,baseline_unrestricted,38,0.14285714285714285,1.0,0.25,1,1,7,1,6,8,0.25
Joel,./data/CHILDES/Manchester/Joel/020506.cha,other_adult,human,Human,baseline_unrestricted,38,,,,0,0,0,0,0,0,
Joel,./data/CHILDES/Manchester/Joel/020920.cha,child,human,Human,baseline_unrestricted,87,0.0,0.0,0.0,0,0,8,5,13,13,0.0
Joel,./data/CHILDES/Manchester/Joel/020920.cha,mother,human,Human,baseline_unrestricted,87,0.09090909090909091,0.0,0.07142857142857142,1,0,11,3,13,14,0.07142857142857142
Joel,./data/CHILDES/Manchester/Joel/020920.cha,other_adult,human,Human,baseline_unrestricted,87,,,,0,0,0,0,0,0,
Joel,./data/CHILDES/Manchester/Joel/020012.cha,child,human,Human,baseline_unrestricted,59,0.0,0.0,0.0,0,0,3,3,6,6,0.0
Joel,./data/CHILDES/Manchester/Joel/020012.cha,mother,human,Human,baseline_unrestricted,59,0.0,0.0,0.0,0,0,4,6,10,10,0.0
Joel,./data/CHILDES/Manchester/Joel/020012.cha,other_adult,human,Human,baseline_unrestricted,59,,,,0,0,0,0,0,0,
Joel,./data/CHILDES/Manchester/Joel/020402.cha,child,human,Human,baseline_unrestricted,65,,0.0,0.0,0,0,0,2,2,2,0.0
Joel,./data/CHILDES/Manchester/Joel/020402.cha,mother,human,Human,baseline_unrestricted,65,0.25,0.25,0.25,1,1,4,4,6,8,0.25
Joel,./data/CHILDES/Manchester/Joel/020402.cha,other_adult,human,Human,baseline_unrestricted,65,,,,0,0,0,0,0,0,
Joel,./data/CHILDES/Manchester/Joel/020207.cha,child,human,Human,baseline_unrestricted,79,0.25,0.0,0.14285714285714285,1,0,4,3,6,7,0.14285714285714285
Joel,./data/CHILDES/Manchester/Joel/020207.cha,mother,human,Human,baseline_unrestricted,79,0.0,0.0,0.0,0,0,4,3,7,7,0.0
Joel,./data/CHILDES/Manchester/Joel/020207.cha,other_adult,human,Human,baseline_unrestricted,79,,,,0,0,0,0,0,0,
Joel,./data/CHILDES/Manchester/Joel/020429.cha,child,human,Human,baseline_unrestricted,95,0.09090909090909091,0.1111111111111111,0.1,1,1,11,9,18,20,0.1
Joel,./data/CHILDES/Manchester/Joel/020429.cha,mother,human,Human,baseline_unrestricted,95,0.09090909090909091,0.16666666666666666,0.13043478260869565,1,2,11,12,20,23,0.13043478260869565
Joel,./data/CHILDES/Manchester/Joel/020429.cha,other_adult,human,Human,baseline_unrestricted,95,,,,0,0,0,0,0,0,
Joel,./data/CHILDES/Manchester/Joel/020612.cha,child,human,Human,baseline_unrestricted,76,0.2,0.6666666666666666,0.375,1,2,5,3,5,8,0.375
Joel,./data/CHILDES/Manchester/Joel/020612.cha,mother,human,Human,baseline_unrestricted,76,0.1,0.0,0.07692307692307693,1,0,10,3,12,13,0.07692307692307693
Joel,./data/CHILDES/Manchester/Joel/020612.cha,other_adult,human,Human,baseline_unrestricted,76,,,,0,0,0,0,0,0,
Joel,./data/CHILDES/Manchester/Joel/020809.cha,child,human,Human,baseline_unrestricted,92,0.1111111111111111,0.0,0.09090909090909091,1,0,9,2,10,11,0.09090909090909091
Joel,./data/CHILDES/Manchester/Joel/020809.cha,mother,human,Human,baseline_unrestricted,92,0.07142857142857142,0.3333333333333333,0.11764705882352941,1,1,14,3,15,17,0.11764705882352941
Joel,./data/CHILDES/Manchester/Joel/020809.cha,other_adult,human,Human,baseline_unrestricted,92,,,,0,0,0,0,0,0,
Joel,./data/CHILDES/Manchester/Joel/020605.cha,child,human,Human,baseline_unrestricted,79,0.0,0.25,0.18181818181818182,0,2,3,8,9,11,0.18181818181818182
Joel,./data/CHILDES/Manchester/Joel/020605.cha,mother,human,Human,baseline_unrestricted,79,0.0,0.2,0.14285714285714285,0,1,2,5,6,7,0.14285714285714285
Joel,./data/CHILDES/Manchester/Joel/020605.cha,other_adult,human,Human,baseline_unrestricted,79,,,,0,0,0,0,0,0,
Joel,./data/CHILDES/Manchester/Joel/020823.cha,child,human,Human,baseline_unrestricted,74,0.0,0.4444444444444444,0.2857142857142857,0,4,5,9,10,14,0.2857142857142857
Joel,./data/CHILDES/Manchester/Joel/020823.cha,mother,human,Human,baseline_unrestricted,74,0.3333333333333333,0.14285714285714285,0.25,3,1,9,7,12,16,0.25
Joel,./data/CHILDES/Manchester/Joel/020823.cha,other_adult,human,Human,baseline_unrestricted,74,,,,0,0,0,0,0,0,
Joel,./data/CHILDES/Manchester/Joel/020214.cha,child,human,Human,baseline_unrestricted,62,0.0,0.0,0.0,0,0,4,1,5,5,0.0
Joel,./data/CHILDES/Manchester/Joel/020214.cha,mother,human,Human,baseline_unrestricted,62,0.0,0.0,0.0,0,0,7,4,11,11,0.0
Joel,./data/CHILDES/Manchester/Joel/020214.cha,other_adult,human,Human,baseline_unrestricted,62,,,,0,0,0,0,0,0,
Ruth,./data/CHILDES/Manchester/Ruth/020807.cha,child,human,Human,baseline_unrestricted,56,0.42857142857142855,0.125,0.26666666666666666,3,1,7,8,11,15,0.26666666666666666
Ruth,./data/CHILDES/Manchester/Ruth/020807.cha,mother,human,Human,baseline_unrestricted,56,0.2727272727272727,0.09090909090909091,0.18181818181818182,3,1,11,11,18,22,0.18181818181818182
Ruth,./data/CHILDES/Manchester/Ruth/020807.cha,other_adult,human,Human,baseline_unrestricted,56,,,,0,0,0,0,0,0,
Ruth,./data/CHILDES/Manchester/Ruth/020408.cha,child,human,Human,baseline_unrestricted,57,0.3333333333333333,,0.3333333333333333,1,0,3,0,2,3,0.3333333333333333
Ruth,./data/CHILDES/Manchester/Ruth/020408.cha,mother,human,Human,baseline_unrestricted,57,0.0,0.5,0.25,0,1,2,2,3,4,0.25
Ruth,./data/CHILDES/Manchester/Ruth/020408.cha,other_adult,human,Human,baseline_unrestricted,57,,,,0,0,0,0,0,0,
Ruth,./data/CHILDES/Manchester/Ruth/021114.cha,child,human,Human,baseline_unrestricted,98,0.3333333333333333,0.15789473684210525,0.21428571428571427,3,3,9,19,22,28,0.21428571428571427
Ruth,./data/CHILDES/Manchester/Ruth/021114.cha,mother,human,Human,baseline_unrestricted,98,0.15384615384615385,0.05,0.09090909090909091,2,1,13,20,30,33,0.09090909090909091
Ruth,./data/CHILDES/Manchester/Ruth/021114.cha,other_adult,human,Human,baseline_unrestricted,98,,,,0,0,0,0,0,0,
Ruth,./data/CHILDES/Manchester/Ruth/020619.cha,child,human,Human,baseline_unrestricted,50,0.0,0.25,0.14285714285714285,0,1,3,4,6,7,0.14285714285714285
Ruth,./data/CHILDES/Manchester/Ruth/020619.cha,mother,human,Human,baseline_unrestricted,50,0.0,0.14285714285714285,0.08333333333333333,0,1,5,7,11,12,0.08333333333333333
Ruth,./data/CHILDES/Manchester/Ruth/020619.cha,other_adult,human,Human,baseline_unrestricted,50,,,,0,0,0,0,0,0,
Ruth,./data/CHILDES/Manchester/Ruth/020520.cha,child,human,Human,baseline_unrestricted,68,0.6,0.2857142857142857,0.4166666666666667,3,2,5,7,7,12,0.4166666666666667
Ruth,./data/CHILDES/Manchester/Ruth/020520.cha,mother,human,Human,baseline_unrestricted,68,0.25,0.2222222222222222,0.23076923076923078,1,2,4,9,10,13,0.23076923076923078
Ruth,./data/CHILDES/Manchester/Ruth/020520.cha,other_adult,human,Human,baseline_unrestricted,68,,,,0,0,0,0,0,0,
Ruth,./data/CHILDES/Manchester/Ruth/020124.cha,child,human,Human,baseline_unrestricted,62,1.0,,1.0,1,0,1,0,0,1,1.0
Ruth,./data/CHILDES/Manchester/Ruth/020124.cha,mother,human,Human,baseline_unrestricted,62,0.0,,0.0,0,0,1,0,1,1,0.0
Ruth,./data/CHILDES/Manchester/Ruth/020124.cha,other_adult,human,Human,baseline_unrestricted,62,,,,0,0,0,0,0,0,
Ruth,./data/CHILDES/Manchester/Ruth/020325.cha,child,human,Human,baseline_unrestricted,64,0.0,1.0,0.5,0,2,2,2,2,4,0.5
Ruth,./data/CHILDES/Manchester/Ruth/020325.cha,mother,human,Human,baseline_unrestricted,64,0.0,0.0,0.0,0,0,3,1,4,4,0.0
Ruth,./data/CHILDES/Manchester/Ruth/020325.cha,other_adult,human,Human,baseline_unrestricted,64,,,,0,0,0,0,0,0,
Ruth,./data/CHILDES/Manchester/Ruth/020724.cha,child,human,Human,baseline_unrestricted,47,0.16666666666666666,0.0,0.125,1,0,6,2,7,8,0.125
Ruth,./data/CHILDES/Manchester/Ruth/020724.cha,mother,human,Human,baseline_unrestricted,47,0.14285714285714285,0.0,0.07142857142857142,1,0,7,7,13,14,0.07142857142857142
Ruth,./data/CHILDES/Manchester/Ruth/020724.cha,other_adult,human,Human,baseline_unrestricted,47,,,,0,0,0,0,0,0,
Ruth,./data/CHILDES/Manchester/Ruth/020527.cha,child,human,Human,baseline_unrestricted,91,0.5,0.14285714285714285,0.2727272727272727,2,1,4,7,8,11,0.2727272727272727
Ruth,./data/CHILDES/Manchester/Ruth/020527.cha,mother,human,Human,baseline_unrestricted,91,0.2,0.0,0.1,1,0,5,5,9,10,0.1
Ruth,./data/CHILDES/Manchester/Ruth/020527.cha,other_adult,human,Human,baseline_unrestricted,91,,,,0,0,0,0,0,0,
Ruth,./data/CHILDES/Manchester/Ruth/020902.cha,child,human,Human,baseline_unrestricted,66,0.2727272727272727,0.25,0.2631578947368421,3,2,11,8,14,19,0.2631578947368421
Ruth,./data/CHILDES/Manchester/Ruth/020902.cha,mother,human,Human,baseline_unrestricted,66,0.2727272727272727,0.3333333333333333,0.30434782608695654,3,4,11,12,16,23,0.30434782608695654
Ruth,./data/CHILDES/Manchester/Ruth/020902.cha,other_adult,human,Human,baseline_unrestricted,66,,,,0,0,0,0,0,0,
Ruth,./data/CHILDES/Manchester/Ruth/011115.cha,child,human,Human,baseline_unrestricted,76,,0.0,0.0,0,0,0,1,1,1,0.0
Ruth,./data/CHILDES/Manchester/Ruth/011115.cha,mother,human,Human,baseline_unrestricted,76,0.0,0.0,0.0,0,0,1,1,2,2,0.0
Ruth,./data/CHILDES/Manchester/Ruth/011115.cha,other_adult,human,Human,baseline_unrestricted,76,,,,0,0,0,0,0,0,
Ruth,./data/CHILDES/Manchester/Ruth/020717.cha,child,human,Human,baseline_unrestricted,67,0.25,0.18181818181818182,0.2,1,2,4,11,12,15,0.2
Ruth,./data/CHILDES/Manchester/Ruth/020717.cha,mother,human,Human,baseline_unrestricted,67,0.5,0.1111111111111111,0.3157894736842105,5,1,10,9,13,19,0.3157894736842105
Ruth,./data/CHILDES/Manchester/Ruth/020717.cha,other_adult,human,Human,baseline_unrestricted,67,,,,0,0,0,0,0,0,
Ruth,./data/CHILDES/Manchester/Ruth/020110.cha,child,human,Human,baseline_unrestricted,72,,0.0,0.0,0,0,0,1,1,1,0.0
Ruth,./data/CHILDES/Manchester/Ruth/020110.cha,mother,human,Human,baseline_unrestricted,72,0.5,,0.5,1,0,2,0,1,2,0.5
Ruth,./data/CHILDES/Manchester/Ruth/020110.cha,other_adult,human,Human,baseline_unrestricted,72,,,,0,0,0,0,0,0,
Ruth,./data/CHILDES/Manchester/Ruth/020306.cha,child,human,Human,baseline_unrestricted,56,,0.0,0.0,0,0,0,1,1,1,0.0
Ruth,./data/CHILDES/Manchester/Ruth/020306.cha,mother,human,Human,baseline_unrestricted,56,,0.0,0.0,0,0,0,2,2,2,0.0
Ruth,./data/CHILDES/Manchester/Ruth/020306.cha,other_adult,human,Human,baseline_unrestricted,56,,,,0,0,0,0,0,0,
Ruth,./data/CHILDES/Manchester/Ruth/020304.cha,child,human,Human,baseline_unrestricted,79,0.25,,0.25,2,0,8,0,6,8,0.25
Ruth,./data/CHILDES/Manchester/Ruth/020304.cha,mother,human,Human,baseline_unrestricted,79,0.14285714285714285,0.0,0.125,1,0,7,1,7,8,0.125
Ruth,./data/CHILDES/Manchester/Ruth/020304.cha,other_adult,human,Human,baseline_unrestricted,79,,,,0,0,0,0,0,0,
Ruth,./data/CHILDES/Manchester/Ruth/021023.cha,child,human,Human,baseline_unrestricted,103,0.14285714285714285,0.125,0.13333333333333333,1,1,7,8,13,15,0.13333333333333333
Ruth,./data/CHILDES/Manchester/Ruth/021023.cha,mother,human,Human,baseline_unrestricted,103,0.11764705882352941,0.15384615384615385,0.13333333333333333,2,2,17,13,26,30,0.13333333333333333
Ruth,./data/CHILDES/Manchester/Ruth/021023.cha,other_adult,human,Human,baseline_unrestricted,103,,,,0,0,0,0,0,0,
Ruth,./data/CHILDES/Manchester/Ruth/020117.cha,child,human,Human,baseline_unrestricted,58,,,,0,0,0,0,0,0,
Ruth,./data/CHILDES/Manchester/Ruth/020117.cha,mother,human,Human,baseline_unrestricted,58,,0.0,0.0,0,0,0,1,1,1,0.0
Ruth,./data/CHILDES/Manchester/Ruth/020117.cha,other_adult,human,Human,baseline_unrestricted,58,,,,0,0,0,0,0,0,
Ruth,./data/CHILDES/Manchester/Ruth/020103.cha,child,human,Human,baseline_unrestricted,72,,,,0,0,0,0,0,0,
Ruth,./data/CHILDES/Manchester/Ruth/020103.cha,mother,human,Human,baseline_unrestricted,72,,,,0,0,0,0,0,0,
Ruth,./data/CHILDES/Manchester/Ruth/020103.cha,other_adult,human,Human,baseline_unrestricted,72,,,,0,0,0,0,0,0,
Ruth,./data/CHILDES/Manchester/Ruth/020506.cha,child,human,Human,baseline_unrestricted,72,0.0,0.0,0.0,0,0,5,1,6,6,0.0
Ruth,./data/CHILDES/Manchester/Ruth/020506.cha,mother,human,Human,baseline_unrestricted,72,0.16666666666666666,,0.16666666666666666,1,0,6,0,5,6,0.16666666666666666
Ruth,./data/CHILDES/Manchester/Ruth/020506.cha,other_adult,human,Human,baseline_unrestricted,72,,,,0,0,0,0,0,0,
Ruth,./data/CHILDES/Manchester/Ruth/020923.cha,child,human,Human,baseline_unrestricted,87,0.0,0.3333333333333333,0.11764705882352941,0,2,11,6,15,17,0.11764705882352941
Ruth,./data/CHILDES/Manchester/Ruth/020923.cha,mother,human,Human,baseline_unrestricted,87,0.375,0.16666666666666666,0.3181818181818182,6,1,16,6,15,22,0.3181818181818182
Ruth,./data/CHILDES/Manchester/Ruth/020923.cha,other_adult,human,Human,baseline_unrestricted,87,,,,0,0,0,0,0,0,
Ruth,./data/CHILDES/Manchester/Ruth/020710.cha,child,human,Human,baseline_unrestricted,69,0.0,0.0,0.0,0,0,4,5,9,9,0.0
Ruth,./data/CHILDES/Manchester/Ruth/020710.cha,mother,human,Human,baseline_unrestricted,69,0.25,0.25,0.25,2,1,8,4,9,12,0.25
Ruth,./data/CHILDES/Manchester/Ruth/020710.cha,other_adult,human,Human,baseline_unrestricted,69,,,,0,0,0,0,0,0,
Ruth,./data/CHILDES/Manchester/Ruth/020909.cha,child,human,Human,baseline_unrestricted,81,0.2857142857142857,0.16666666666666666,0.23076923076923078,2,1,7,6,10,13,0.23076923076923078
Ruth,./data/CHILDES/Manchester/Ruth/020909.cha,mother,human,Human,baseline_unrestricted,81,0.0,0.18181818181818182,0.09523809523809523,0,2,10,11,19,21,0.09523809523809523
Ruth,./data/CHILDES/Manchester/Ruth/020909.cha,other_adult,human,Human,baseline_unrestricted,81,,,,0,0,0,0,0,0,
Ruth,./data/CHILDES/Manchester/Ruth/011120.cha,child,human,Human,baseline_unrestricted,89,,0.5,0.5,0,1,0,2,1,2,0.5
Ruth,./data/CHILDES/Manchester/Ruth/011120.cha,mother,human,Human,baseline_unrestricted,89,0.0,,0.0,0,0,2,0,2,2,0.0
Ruth,./data/CHILDES/Manchester/Ruth/011120.cha,other_adult,human,Human,baseline_unrestricted,89,,,,0,0,0,0,0,0,
Ruth,./data/CHILDES/Manchester/Ruth/021009.cha,child,human,Human,baseline_unrestricted,78,0.125,0.6666666666666666,0.45,1,8,8,12,11,20,0.45
Ruth,./data/CHILDES/Manchester/Ruth/021009.cha,mother,human,Human,baseline_unrestricted,78,0.21428571428571427,0.375,0.2727272727272727,3,3,14,8,16,22,0.2727272727272727
Ruth,./data/CHILDES/Manchester/Ruth/021009.cha,other_adult,human,Human,baseline_unrestricted,78,,,,0,0,0,0,0,0,
Ruth,./data/CHILDES/Manchester/Ruth/020005.cha,child,human,Human,baseline_unrestricted,59,0.0,,0.0,0,0,1,0,1,1,0.0
Ruth,./data/CHILDES/Manchester/Ruth/020005.cha,mother,human,Human,baseline_unrestricted,59,0.0,,0.0,0,0,1,0,1,1,0.0
Ruth,./data/CHILDES/Manchester/Ruth/020005.cha,other_adult,human,Human,baseline_unrestricted,59,,,,0,0,0,0,0,0,
Ruth,./data/CHILDES/Manchester/Ruth/020207.cha,child,human,Human,baseline_unrestricted,54,1.0,1.0,1.0,1,1,1,1,0,2,1.0
Ruth,./data/CHILDES/Manchester/Ruth/020207.cha,mother,human,Human,baseline_unrestricted,54,0.0,,0.0,0,0,1,0,1,1,0.0
Ruth,./data/CHILDES/Manchester/Ruth/020207.cha,other_adult,human,Human,baseline_unrestricted,54,,,,0,0,0,0,0,0,
Ruth,./data/CHILDES/Manchester/Ruth/020429.cha,child,human,Human,baseline_unrestricted,76,0.0,0.0,0.0,0,0,1,3,4,4,0.0
Ruth,./data/CHILDES/Manchester/Ruth/020429.cha,mother,human,Human,baseline_unrestricted,76,0.0,0.0,0.0,0,0,1,5,6,6,0.0
Ruth,./data/CHILDES/Manchester/Ruth/020429.cha,other_adult,human,Human,baseline_unrestricted,76,,,,0,0,0,0,0,0,
Ruth,./data/CHILDES/Manchester/Ruth/020415.cha,child,human,Human,baseline_unrestricted,54,,0.6666666666666666,0.6666666666666666,0,2,0,3,1,3,0.6666666666666666
Ruth,./data/CHILDES/Manchester/Ruth/020415.cha,mother,human,Human,baseline_unrestricted,54,0.5,1.0,0.6666666666666666,1,1,2,1,1,3,0.6666666666666666
Ruth,./data/CHILDES/Manchester/Ruth/020415.cha,other_adult,human,Human,baseline_unrestricted,54,,,,0,0,0,0,0,0,
Ruth,./data/CHILDES/Manchester/Ruth/020401.cha,child,human,Human,baseline_unrestricted,62,0.3333333333333333,0.5,0.4,1,1,3,2,3,5,0.4
Ruth,./data/CHILDES/Manchester/Ruth/020401.cha,mother,human,Human,baseline_unrestricted,62,0.0,1.0,0.2,0,1,4,1,4,5,0.2
Ruth,./data/CHILDES/Manchester/Ruth/020401.cha,other_adult,human,Human,baseline_unrestricted,62,,,,0,0,0,0,0,0,
Ruth,./data/CHILDES/Manchester/Ruth/020612.cha,child,human,Human,baseline_unrestricted,73,0.3333333333333333,0.36363636363636365,0.35714285714285715,1,4,3,11,9,14,0.35714285714285715
Ruth,./data/CHILDES/Manchester/Ruth/020612.cha,mother,human,Human,baseline_unrestricted,73,0.4,0.2,0.26666666666666666,2,2,5,10,11,15,0.26666666666666666
Ruth,./data/CHILDES/Manchester/Ruth/020612.cha,other_adult,human,Human,baseline_unrestricted,73,,,,0,0,0,0,0,0,
Ruth,./data/CHILDES/Manchester/Ruth/020821.cha,child,human,Human,baseline_unrestricted,84,0.42857142857142855,0.42857142857142855,0.42857142857142855,3,3,7,7,8,14,0.42857142857142855
Ruth,./data/CHILDES/Manchester/Ruth/020821.cha,mother,human,Human,baseline_unrestricted,84,0.1111111111111111,0.1,0.10526315789473684,1,1,9,10,17,19,0.10526315789473684
Ruth,./data/CHILDES/Manchester/Ruth/020821.cha,other_adult,human,Human,baseline_unrestricted,84,,,,0,0,0,0,0,0,
Ruth,./data/CHILDES/Manchester/Ruth/021121.cha,child,human,Human,baseline_unrestricted,79,0.18181818181818182,0.75,0.42105263157894735,2,6,11,8,11,19,0.42105263157894735
Ruth,./data/CHILDES/Manchester/Ruth/021121.cha,mother,human,Human,baseline_unrestricted,79,0.2222222222222222,0.14285714285714285,0.20588235294117646,6,1,27,7,27,34,0.20588235294117646
Ruth,./data/CHILDES/Manchester/Ruth/021121.cha,other_adult,human,Human,baseline_unrestricted,79,,,,0,0,0,0,0,0,
Ruth,./data/CHILDES/Manchester/Ruth/020214.cha,child,human,Human,baseline_unrestricted,46,0.0,,0.0,0,0,1,0,1,1,0.0
Ruth,./data/CHILDES/Manchester/Ruth/020214.cha,mother,human,Human,baseline_unrestricted,46,0.0,,0.0,0,0,3,0,3,3,0.0
Ruth,./data/CHILDES/Manchester/Ruth/020214.cha,other_adult,human,Human,baseline_unrestricted,46,,,,0,0,0,0,0,0,
Aran,./data/CHILDES/Manchester/Aran/020225.cha,child,human,Human,baseline_unrestricted,124,0.1111111111111111,0.16666666666666666,0.15384615384615385,1,5,9,30,33,39,0.15384615384615385
Aran,./data/CHILDES/Manchester/Aran/020225.cha,mother,human,Human,baseline_unrestricted,124,0.16666666666666666,0.03225806451612903,0.09090909090909091,4,1,24,31,50,55,0.09090909090909091
Aran,./data/CHILDES/Manchester/Aran/020225.cha,other_adult,human,Human,baseline_unrestricted,124,,,,0,0,0,0,0,0,
Aran,./data/CHILDES/Manchester/Aran/020812.cha,child,human,Human,baseline_unrestricted,142,0.125,0.2222222222222222,0.17647058823529413,1,2,8,9,14,17,0.17647058823529413
Aran,./data/CHILDES/Manchester/Aran/020812.cha,mother,human,Human,baseline_unrestricted,142,0.1,0.18181818181818182,0.14285714285714285,1,2,10,11,18,21,0.14285714285714285
Aran,./data/CHILDES/Manchester/Aran/020812.cha,other_adult,human,Human,baseline_unrestricted,142,,,,0,0,0,0,0,0,
Aran,./data/CHILDES/Manchester/Aran/020218.cha,child,human,Human,baseline_unrestricted,140,0.5714285714285714,0.42857142857142855,0.4642857142857143,4,9,7,21,15,28,0.4642857142857143
Aran,./data/CHILDES/Manchester/Aran/020218.cha,mother,human,Human,baseline_unrestricted,140,0.2631578947368421,0.10526315789473684,0.18421052631578946,5,2,19,19,31,38,0.18421052631578946
Aran,./data/CHILDES/Manchester/Aran/020218.cha,other_adult,human,Human,baseline_unrestricted,140,,,,0,0,0,0,0,0,
Aran,./data/CHILDES/Manchester/Aran/020420.cha,child,human,Human,baseline_unrestricted,104,0.4166666666666667,0.26666666666666666,0.3333333333333333,5,4,12,15,18,27,0.3333333333333333
Aran,./data/CHILDES/Manchester/Aran/020420.cha,mother,human,Human,baseline_unrestricted,104,0.15384615384615385,0.125,0.13513513513513514,2,3,13,24,32,37,0.13513513513513514
Aran,./data/CHILDES/Manchester/Aran/020420.cha,other_adult,human,Human,baseline_unrestricted,104,,,,0,0,0,0,0,0,
Aran,./data/CHILDES/Manchester/Aran/020009.cha,child,human,Human,baseline_unrestricted,117,0.16666666666666666,0.43478260869565216,0.3170731707317073,3,10,18,23,28,41,0.3170731707317073
Aran,./data/CHILDES/Manchester/Aran/020009.cha,mother,human,Human,baseline_unrestricted,117,0.2692307692307692,0.1111111111111111,0.20454545454545456,7,2,26,18,35,44,0.20454545454545456
Aran,./data/CHILDES/Manchester/Aran/020009.cha,other_adult,human,Human,baseline_unrestricted,117,,,,0,0,0,0,0,0,
Aran,./data/CHILDES/Manchester/Aran/020427.cha,child,human,Human,baseline_unrestricted,115,0.75,0.35294117647058826,0.42857142857142855,3,6,4,17,12,21,0.42857142857142855
Aran,./data/CHILDES/Manchester/Aran/020427.cha,mother,human,Human,baseline_unrestricted,115,0.0,0.08333333333333333,0.05263157894736842,0,1,7,12,18,19,0.05263157894736842
Aran,./data/CHILDES/Manchester/Aran/020427.cha,other_adult,human,Human,baseline_unrestricted,115,,,,0,0,0,0,0,0,
Aran,./data/CHILDES/Manchester/Aran/020721.cha,child,human,Human,baseline_unrestricted,128,0.16666666666666666,0.2777777777777778,0.2222222222222222,3,5,18,18,28,36,0.2222222222222222
Aran,./data/CHILDES/Manchester/Aran/020721.cha,mother,human,Human,baseline_unrestricted,128,0.16666666666666666,0.08695652173913043,0.12195121951219512,3,2,18,23,36,41,0.12195121951219512
Aran,./data/CHILDES/Manchester/Aran/020721.cha,other_adult,human,Human,baseline_unrestricted,128,,,,0,0,0,0,0,0,
Aran,./data/CHILDES/Manchester/Aran/021007.cha,child,human,Human,baseline_unrestricted,118,0.2857142857142857,0.0625,0.13043478260869565,2,1,7,16,20,23,0.13043478260869565
Aran,./data/CHILDES/Manchester/Aran/021007.cha,mother,human,Human,baseline_unrestricted,118,0.0,0.0,0.0,0,0,7,24,31,31,0.0
Aran,./data/CHILDES/Manchester/Aran/021007.cha,other_adult,human,Human,baseline_unrestricted,118,,,,0,0,0,0,0,0,
Aran,./data/CHILDES/Manchester/Aran/011112.cha,child,human,Human,baseline_unrestricted,131,1.0,0.0,0.5,1,0,1,1,1,2,0.5
Aran,./data/CHILDES/Manchester/Aran/011112.cha,mother,human,Human,baseline_unrestricted,131,,0.0,0.0,0,0,0,1,1,1,0.0
Aran,./data/CHILDES/Manchester/Aran/011112.cha,other_adult,human,Human,baseline_unrestricted,131,,,,0,0,0,0,0,0,
Aran,./data/CHILDES/Manchester/Aran/020902.cha,child,human,Human,baseline_unrestricted,112,0.5294117647058824,0.058823529411764705,0.29411764705882354,9,1,17,17,24,34,0.29411764705882354
Aran,./data/CHILDES/Manchester/Aran/020902.cha,mother,human,Human,baseline_unrestricted,112,0.16666666666666666,0.23076923076923078,0.20454545454545456,3,6,18,26,35,44,0.20454545454545456
Aran,./data/CHILDES/Manchester/Aran/020902.cha,other_adult,human,Human,baseline_unrestricted,112,,,,0,0,0,0,0,0,
Aran,./data/CHILDES/Manchester/Aran/020121.cha,child,human,Human,baseline_unrestricted,114,0.07692307692307693,0.4117647058823529,0.26666666666666666,1,7,13,17,22,30,0.26666666666666666
Aran,./data/CHILDES/Manchester/Aran/020121.cha,mother,human,Human,baseline_unrestricted,114,0.24,0.0,0.15384615384615385,6,0,25,14,33,39,0.15384615384615385
Aran,./data/CHILDES/Manchester/Aran/020121.cha,other_adult,human,Human,baseline_unrestricted,114,,,,0,0,0,0,0,0,
Aran,./data/CHILDES/Manchester/Aran/021000.cha,child,human,Human,baseline_unrestricted,93,0.16666666666666666,0.25,0.2,1,1,6,4,8,10,0.2
Aran,./data/CHILDES/Manchester/Aran/021000.cha,mother,human,Human,baseline_unrestricted,93,0.15384615384615385,0.3333333333333333,0.21052631578947367,2,2,13,6,15,19,0.21052631578947367
Aran,./data/CHILDES/Manchester/Aran/021000.cha,other_adult,human,Human,baseline_unrestricted,93,,,,0,0,0,0,0,0,
Aran,./data/CHILDES/Manchester/Aran/021028.cha,child,human,Human,baseline_unrestricted,119,0.4444444444444444,0.1875,0.28,4,3,9,16,18,25,0.28
Aran,./data/CHILDES/Manchester/Aran/021028.cha,mother,human,Human,baseline_unrestricted,119,0.09090909090909091,0.07142857142857142,0.07692307692307693,1,2,11,28,36,39,0.07692307692307693
Aran,./data/CHILDES/Manchester/Aran/021028.cha,other_adult,human,Human,baseline_unrestricted,119,,,,0,0,0,0,0,0,
Aran,./data/CHILDES/Manchester/Aran/020524.cha,child,human,Human,baseline_unrestricted,105,0.2,0.2857142857142857,0.2631578947368421,1,4,5,14,14,19,0.2631578947368421
Aran,./data/CHILDES/Manchester/Aran/020524.cha,mother,human,Human,baseline_unrestricted,105,0.3076923076923077,0.1875,0.2413793103448276,4,3,13,16,22,29,0.2413793103448276
Aran,./data/CHILDES/Manchester/Aran/020524.cha,other_adult,human,Human,baseline_unrestricted,105,,,,0,0,0,0,0,0,
Aran,./data/CHILDES/Manchester/Aran/020925.cha,child,human,Human,baseline_unrestricted,127,0.2857142857142857,0.058823529411764705,0.125,2,1,7,17,21,24,0.125
Aran,./data/CHILDES/Manchester/Aran/020925.cha,mother,human,Human,baseline_unrestricted,127,0.16666666666666666,0.18181818181818182,0.17647058823529413,2,4,12,22,28,34,0.17647058823529413
Aran,./data/CHILDES/Manchester/Aran/020925.cha,other_adult,human,Human,baseline_unrestricted,127,,,,0,0,0,0,0,0,
Aran,./data/CHILDES/Manchester/Aran/020728.cha,child,human,Human,baseline_unrestricted,139,0.3333333333333333,0.10526315789473684,0.1935483870967742,4,2,12,19,25,31,0.1935483870967742
Aran,./data/CHILDES/Manchester/Aran/020728.cha,mother,human,Human,baseline_unrestricted,139,0.3076923076923077,0.13636363636363635,0.2,4,3,13,22,28,35,0.2
Aran,./data/CHILDES/Manchester/Aran/020728.cha,other_adult,human,Human,baseline_unrestricted,139,,,,0,0,0,0,0,0,
Aran,./data/CHILDES/Manchester/Aran/020714.cha,child,human,Human,baseline_unrestricted,129,0.1,0.2631578947368421,0.20689655172413793,1,5,10,19,23,29,0.20689655172413793
Aran,./data/CHILDES/Manchester/Aran/020714.cha,mother,human,Human,baseline_unrestricted,129,0.2916666666666667,0.11764705882352941,0.21951219512195122,7,2,24,17,32,41,0.21951219512195122
Aran,./data/CHILDES/Manchester/Aran/020714.cha,other_adult,human,Human,baseline_unrestricted,129,,,,0,0,0,0,0,0,
Aran,./data/CHILDES/Manchester/Aran/011126.cha,child,human,Human,baseline_unrestricted,121,1.0,0.2857142857142857,0.375,1,2,1,7,5,8,0.375
Aran,./data/CHILDES/Manchester/Aran/011126.cha,mother,human,Human,baseline_unrestricted,121,0.0,0.2,0.16666666666666666,0,1,1,5,5,6,0.16666666666666666
Aran,./data/CHILDES/Manchester/Aran/011126.cha,other_adult,human,Human,baseline_unrestricted,121,,,,0,0,0,0,0,0,
Aran,./data/CHILDES/Manchester/Aran/020107.cha,child,human,Human,baseline_unrestricted,106,0.5,0.4583333333333333,0.47058823529411764,5,11,10,24,18,34,0.47058823529411764
Aran,./data/CHILDES/Manchester/Aran/020107.cha,mother,human,Human,baseline_unrestricted,106,0.3333333333333333,0.14285714285714285,0.2222222222222222,5,3,15,21,28,36,0.2222222222222222
Aran,./data/CHILDES/Manchester/Aran/020107.cha,other_adult,human,Human,baseline_unrestricted,106,,,,0,0,0,0,0,0,
Aran,./data/CHILDES/Manchester/Aran/020517.cha,child,human,Human,baseline_unrestricted,133,0.6666666666666666,0.13333333333333333,0.2222222222222222,2,2,3,15,14,18,0.2222222222222222
Aran,./data/CHILDES/Manchester/Aran/020517.cha,mother,human,Human,baseline_unrestricted,133,0.2222222222222222,0.08333333333333333,0.12121212121212122,2,2,9,24,29,33,0.12121212121212122
Aran,./data/CHILDES/Manchester/Aran/020517.cha,other_adult,human,Human,baseline_unrestricted,133,,,,0,0,0,0,0,0,
Aran,./data/CHILDES/Manchester/Aran/020503.cha,child,human,Human,baseline_unrestricted,140,0.42857142857142855,0.18181818181818182,0.2777777777777778,3,2,7,11,13,18,0.2777777777777778
Aran,./data/CHILDES/Manchester/Aran/020503.cha,mother,human,Human,baseline_unrestricted,140,0.2857142857142857,0.06666666666666667,0.13636363636363635,2,1,7,15,19,22,0.13636363636363635
Aran,./data/CHILDES/Manchester/Aran/020503.cha,other_adult,human,Human,baseline_unrestricted,140,,,,0,0,0,0,0,0,
Aran,./data/CHILDES/Manchester/Aran/020315.cha,child,human,Human,baseline_unrestricted,122,0.3,0.2857142857142857,0.2916666666666667,3,4,10,14,17,24,0.2916666666666667
Aran,./data/CHILDES/Manchester/Aran/020315.cha,mother,human,Human,baseline_unrestricted,122,0.17391304347826086,0.08333333333333333,0.14285714285714285,4,1,23,12,30,35,0.14285714285714285
Aran,./data/CHILDES/Manchester/Aran/020315.cha,other_adult,human,Human,baseline_unrestricted,122,,,,0,0,0,0,0,0,
Aran,./data/CHILDES/Manchester/Aran/020302.cha,child,human,Human,baseline_unrestricted,118,0.0,0.5833333333333334,0.3181818181818182,0,7,10,12,15,22,0.3181818181818182
Aran,./data/CHILDES/Manchester/Aran/020302.cha,mother,human,Human,baseline_unrestricted,118,0.17857142857142858,0.18181818181818182,0.1794871794871795,5,2,28,11,32,39,0.1794871794871795
Aran,./data/CHILDES/Manchester/Aran/020302.cha,other_adult,human,Human,baseline_unrestricted,118,,,,0,0,0,0,0,0,
Aran,./data/CHILDES/Manchester/Aran/020100.cha,child,human,Human,baseline_unrestricted,120,0.25,0.5714285714285714,0.45454545454545453,1,4,4,7,6,11,0.45454545454545453
Aran,./data/CHILDES/Manchester/Aran/020100.cha,mother,human,Human,baseline_unrestricted,120,0.25,0.1111111111111111,0.17647058823529413,2,1,8,9,14,17,0.17647058823529413
Aran,./data/CHILDES/Manchester/Aran/020100.cha,other_adult,human,Human,baseline_unrestricted,120,,,,0,0,0,0,0,0,
Aran,./data/CHILDES/Manchester/Aran/020128.cha,child,human,Human,baseline_unrestricted,127,0.0,0.3125,0.20833333333333334,0,5,8,16,19,24,0.20833333333333334
Aran,./data/CHILDES/Manchester/Aran/020128.cha,mother,human,Human,baseline_unrestricted,127,0.14285714285714285,0.0,0.10526315789473684,4,0,28,10,34,38,0.10526315789473684
Aran,./data/CHILDES/Manchester/Aran/020128.cha,other_adult,human,Human,baseline_unrestricted,127,,,,0,0,0,0,0,0,
Aran,./data/CHILDES/Manchester/Aran/021021.cha,child,human,Human,baseline_unrestricted,115,0.2,0.1,0.13333333333333333,1,1,5,10,13,15,0.13333333333333333
Aran,./data/CHILDES/Manchester/Aran/021021.cha,mother,human,Human,baseline_unrestricted,115,0.1111111111111111,0.05555555555555555,0.07407407407407407,1,1,9,18,25,27,0.07407407407407407
Aran,./data/CHILDES/Manchester/Aran/021021.cha,other_adult,human,Human,baseline_unrestricted,115,,,,0,0,0,0,0,0,
Aran,./data/CHILDES/Manchester/Aran/020707.cha,child,human,Human,baseline_unrestricted,142,0.125,0.11538461538461539,0.11904761904761904,2,3,16,26,37,42,0.11904761904761904
Aran,./data/CHILDES/Manchester/Aran/020707.cha,mother,human,Human,baseline_unrestricted,142,0.17647058823529413,0.09090909090909091,0.12,3,3,17,33,44,50,0.12
Aran,./data/CHILDES/Manchester/Aran/020707.cha,other_adult,human,Human,baseline_unrestricted,142,,,,0,0,0,0,0,0,
Aran,./data/CHILDES/Manchester/Aran/020211.cha,child,human,Human,baseline_unrestricted,114,0.0,0.21212121212121213,0.1891891891891892,0,7,4,33,30,37,0.1891891891891892
Aran,./data/CHILDES/Manchester/Aran/020211.cha,mother,human,Human,baseline_unrestricted,114,0.3333333333333333,0.0625,0.16,6,2,18,32,42,50,0.16
Aran,./data/CHILDES/Manchester/Aran/020211.cha,other_adult,human,Human,baseline_unrestricted,114,,,,0,0,0,0,0,0,
Aran,./data/CHILDES/Manchester/Aran/020617.cha,child,human,Human,baseline_unrestricted,111,0.1111111111111111,0.25,0.17647058823529413,1,2,9,8,14,17,0.17647058823529413
Aran,./data/CHILDES/Manchester/Aran/020617.cha,mother,human,Human,baseline_unrestricted,111,0.0,0.16666666666666666,0.07692307692307693,0,2,14,12,24,26,0.07692307692307693
Aran,./data/CHILDES/Manchester/Aran/020617.cha,other_adult,human,Human,baseline_unrestricted,111,,,,0,0,0,0,0,0,
Aran,./data/CHILDES/Manchester/Aran/020819.cha,child,human,Human,baseline_unrestricted,136,0.2,0.17647058823529413,0.18518518518518517,2,3,10,17,22,27,0.18518518518518517
Aran,./data/CHILDES/Manchester/Aran/020819.cha,mother,human,Human,baseline_unrestricted,136,0.29411764705882354,0.1111111111111111,0.2,5,2,17,18,28,35,0.2
Aran,./data/CHILDES/Manchester/Aran/020819.cha,other_adult,human,Human,baseline_unrestricted,136,,,,0,0,0,0,0,0,
Aran,./data/CHILDES/Manchester/Aran/020413.cha,child,human,Human,baseline_unrestricted,137,0.3333333333333333,0.2222222222222222,0.25925925925925924,3,4,9,18,20,27,0.25925925925925924
Aran,./data/CHILDES/Manchester/Aran/020413.cha,mother,human,Human,baseline_unrestricted,137,0.19230769230769232,0.08695652173913043,0.14285714285714285,5,2,26,23,42,49,0.14285714285714285
Aran,./data/CHILDES/Manchester/Aran/020413.cha,other_adult,human,Human,baseline_unrestricted,137,,,,0,0,0,0,0,0,
Aran,./data/CHILDES/Manchester/Aran/020610.cha,child,human,Human,baseline_unrestricted,131,0.2222222222222222,0.5384615384615384,0.4090909090909091,2,7,9,13,13,22,0.4090909090909091
Aran,./data/CHILDES/Manchester/Aran/020610.cha,mother,human,Human,baseline_unrestricted,131,0.15384615384615385,0.08333333333333333,0.12,2,1,13,12,22,25,0.12
Aran,./data/CHILDES/Manchester/Aran/020610.cha,other_adult,human,Human,baseline_unrestricted,131,,,,0,0,0,0,0,0,
Aran,./data/CHILDES/Manchester/Aran/020002.cha,child,human,Human,baseline_unrestricted,141,0.2857142857142857,0.5,0.35,4,3,14,6,13,20,0.35
Aran,./data/CHILDES/Manchester/Aran/020002.cha,mother,human,Human,baseline_unrestricted,141,0.23529411764705882,0.5714285714285714,0.3333333333333333,4,4,17,7,16,24,0.3333333333333333
Aran,./data/CHILDES/Manchester/Aran/020002.cha,other_adult,human,Human,baseline_unrestricted,141,,,,0,0,0,0,0,0,
Anne,./data/CHILDES/Manchester/Anne/011007.cha,child,human,Human,baseline_unrestricted,70,0.0,0.5,0.16666666666666666,0,1,4,2,5,6,0.16666666666666666
Anne,./data/CHILDES/Manchester/Anne/011007.cha,mother,human,Human,baseline_unrestricted,70,0.14285714285714285,0.0,0.1111111111111111,1,0,7,2,8,9,0.1111111111111111
Anne,./data/CHILDES/Manchester/Anne/011007.cha,other_adult,human,Human,baseline_unrestricted,70,,,,0,0,0,0,0,0,
Anne,./data/CHILDES/Manchester/Anne/011104.cha,child,human,Human,baseline_unrestricted,62,0.5,,0.5,1,0,2,0,1,2,0.5
Anne,./data/CHILDES/Manchester/Anne/011104.cha,mother,human,Human,baseline_unrestricted,62,0.0,1.0,0.3333333333333333,0,1,2,1,2,3,0.3333333333333333
Anne,./data/CHILDES/Manchester/Anne/011104.cha,other_adult,human,Human,baseline_unrestricted,62,,,,0,0,0,0,0,0,
Anne,./data/CHILDES/Manchester/Anne/020910.cha,child,human,Human,baseline_unrestricted,111,0.1,0.0625,0.07692307692307693,1,1,10,16,24,26,0.07692307692307693
Anne,./data/CHILDES/Manchester/Anne/020910.cha,mother,human,Human,baseline_unrestricted,111,0.18181818181818182,0.29411764705882354,0.25,2,5,11,17,21,28,0.25
Anne,./data/CHILDES/Manchester/Anne/020910.cha,other_adult,human,Human,baseline_unrestricted,111,,,,0,0,0,0,0,0,
Anne,./data/CHILDES/Manchester/Anne/011106.cha,child,human,Human,baseline_unrestricted,83,0.0,0.5,0.3,0,3,4,6,7,10,0.3
Anne,./data/CHILDES/Manchester/Anne/011106.cha,mother,human,Human,baseline_unrestricted,83,0.14285714285714285,0.0,0.125,1,0,7,1,7,8,0.125
Anne,./data/CHILDES/Manchester/Anne/011106.cha,other_adult,human,Human,baseline_unrestricted,83,,,,0,0,0,0,0,0,
Anne,./data/CHILDES/Manchester/Anne/020320.cha,child,human,Human,baseline_unrestricted,95,0.125,0.2,0.17391304347826086,1,3,8,15,19,23,0.17391304347826086
Anne,./data/CHILDES/Manchester/Anne/020320.cha,mother,human,Human,baseline_unrestricted,95,0.42857142857142855,0.0,0.21428571428571427,6,0,14,14,22,28,0.21428571428571427
Anne,./data/CHILDES/Manchester/Anne/020320.cha,other_adult,human,Human,baseline_unrestricted,95,,,,0,0,0,0,0,0,
Anne,./data/CHILDES/Manchester/Anne/020122.cha,child,human,Human,baseline_unrestricted,95,0.14285714285714285,0.0,0.0625,1,0,7,9,15,16,0.0625
Anne,./data/CHILDES/Manchester/Anne/020122.cha,mother,human,Human,baseline_unrestricted,95,0.0,0.0,0.0,0,0,6,11,17,17,0.0
Anne,./data/CHILDES/Manchester/Anne/020122.cha,other_adult,human,Human,baseline_unrestricted,95,,,,0,0,0,0,0,0,
Anne,./data/CHILDES/Manchester/Anne/020727.cha,child,human,Human,baseline_unrestricted,59,0.0,0.3,0.25,0,3,2,10,9,12,0.25
Anne,./data/CHILDES/Manchester/Anne/020727.cha,mother,human,Human,baseline_unrestricted,59,0.4,0.0,0.14285714285714285,2,0,5,9,12,14,0.14285714285714285
Anne,./data/CHILDES/Manchester/Anne/020727.cha,other_adult,human,Human,baseline_unrestricted,59,,,,0,0,0,0,0,0,
Anne,./data/CHILDES/Manchester/Anne/020525.cha,child,human,Human,baseline_unrestricted,116,0.23076923076923078,0.2,0.2222222222222222,3,1,13,5,14,18,0.2222222222222222
Anne,./data/CHILDES/Manchester/Anne/020525.cha,mother,human,Human,baseline_unrestricted,116,0.2727272727272727,0.2857142857142857,0.2777777777777778,3,2,11,7,13,18,0.2777777777777778
Anne,./data/CHILDES/Manchester/Anne/020525.cha,other_adult,human,Human,baseline_unrestricted,116,,,,0,0,0,0,0,0,
Anne,./data/CHILDES/Manchester/Anne/020108.cha,child,human,Human,baseline_unrestricted,88,0.0,0.0,0.0,0,0,4,1,5,5,0.0
Anne,./data/CHILDES/Manchester/Anne/020108.cha,mother,human,Human,baseline_unrestricted,88,0.16666666666666666,0.3333333333333333,0.2222222222222222,1,1,6,3,7,9,0.2222222222222222
Anne,./data/CHILDES/Manchester/Anne/020108.cha,other_adult,human,Human,baseline_unrestricted,88,,,,0,0,0,0,0,0,
Anne,./data/CHILDES/Manchester/Anne/020120.cha,child,human,Human,baseline_unrestricted,98,0.42857142857142855,0.06666666666666667,0.18181818181818182,3,1,7,15,18,22,0.18181818181818182
Anne,./data/CHILDES/Manchester/Anne/020120.cha,mother,human,Human,baseline_unrestricted,98,0.0,0.04,0.03571428571428571,0,1,3,25,27,28,0.03571428571428571
Anne,./data/CHILDES/Manchester/Anne/020120.cha,other_adult,human,Human,baseline_unrestricted,98,,,,0,0,0,0,0,0,
Anne,./data/CHILDES/Manchester/Anne/011118.cha,child,human,Human,baseline_unrestricted,92,0.0,0.0,0.0,0,0,1,1,2,2,0.0
Anne,./data/CHILDES/Manchester/Anne/011118.cha,mother,human,Human,baseline_unrestricted,92,0.5,0.0,0.25,1,0,2,2,3,4,0.25
Anne,./data/CHILDES/Manchester/Anne/011118.cha,other_adult,human,Human,baseline_unrestricted,92,,,,0,0,0,0,0,0,
Anne,./data/CHILDES/Manchester/Anne/020728.cha,child,human,Human,baseline_unrestricted,46,0.1,0.5,0.16666666666666666,1,1,10,2,10,12,0.16666666666666666
Anne,./data/CHILDES/Manchester/Anne/020728.cha,mother,human,Human,baseline_unrestricted,46,0.3,0.0,0.1875,3,0,10,6,13,16,0.1875
Anne,./data/CHILDES/Manchester/Anne/020728.cha,other_adult,human,Human,baseline_unrestricted,46,,,,0,0,0,0,0,0,
Anne,./data/CHILDES/Manchester/Anne/020502.cha,child,human,Human,baseline_unrestricted,78,0.0,0.0,0.0,0,0,6,12,18,18,0.0
Anne,./data/CHILDES/Manchester/Anne/020502.cha,mother,human,Human,baseline_unrestricted,78,0.35714285714285715,0.125,0.2727272727272727,5,1,14,8,16,22,0.2727272727272727
Anne,./data/CHILDES/Manchester/Anne/020502.cha,other_adult,human,Human,baseline_unrestricted,78,,,,0,0,0,0,0,0,
Anne,./data/CHILDES/Manchester/Anne/020715.cha,child,human,Human,baseline_unrestricted,107,0.2,0.2857142857142857,0.25,2,4,10,14,18,24,0.25
Anne,./data/CHILDES/Manchester/Anne/020715.cha,mother,human,Human,baseline_unrestricted,107,0.16666666666666666,0.045454545454545456,0.08823529411764706,2,1,12,22,31,34,0.08823529411764706
Anne,./data/CHILDES/Manchester/Anne/020715.cha,other_adult,human,Human,baseline_unrestricted,107,,,,0,0,0,0,0,0,
Anne,./data/CHILDES/Manchester/Anne/020701.cha,child,human,Human,baseline_unrestricted,86,0.0,0.14285714285714285,0.07692307692307693,0,1,6,7,12,13,0.07692307692307693
Anne,./data/CHILDES/Manchester/Anne/020701.cha,mother,human,Human,baseline_unrestricted,86,0.25,0.0,0.125,2,0,8,8,14,16,0.125
Anne,./data/CHILDES/Manchester/Anne/020701.cha,other_adult,human,Human,baseline_unrestricted,86,,,,0,0,0,0,0,0,
Anne,./data/CHILDES/Manchester/Anne/020729.cha,child,human,Human,baseline_unrestricted,87,0.0,0.3333333333333333,0.16666666666666666,0,2,6,6,10,12,0.16666666666666666
Anne,./data/CHILDES/Manchester/Anne/020729.cha,mother,human,Human,baseline_unrestricted,87,0.16666666666666666,0.0,0.14285714285714285,2,0,12,2,12,14,0.14285714285714285
Anne,./data/CHILDES/Manchester/Anne/020729.cha,other_adult,human,Human,baseline_unrestricted,87,,,,0,0,0,0,0,0,
Anne,./data/CHILDES/Manchester/Anne/020301.cha,child,human,Human,baseline_unrestricted,93,0.25,0.0,0.07142857142857142,1,0,4,10,13,14,0.07142857142857142
Anne,./data/CHILDES/Manchester/Anne/020301.cha,mother,human,Human,baseline_unrestricted,93,0.16666666666666666,0.13333333333333333,0.14285714285714285,1,2,6,15,18,21,0.14285714285714285
Anne,./data/CHILDES/Manchester/Anne/020301.cha,other_adult,human,Human,baseline_unrestricted,93,,,,0,0,0,0,0,0,
Anne,./data/CHILDES/Manchester/Anne/020328.cha,child,human,Human,baseline_unrestricted,107,0.2,0.21428571428571427,0.20833333333333334,2,3,10,14,19,24,0.20833333333333334
Anne,./data/CHILDES/Manchester/Anne/020328.cha,mother,human,Human,baseline_unrestricted,107,0.23529411764705882,0.0,0.12121212121212122,4,0,17,16,29,33,0.12121212121212122
Anne,./data/CHILDES/Manchester/Anne/020328.cha,other_adult,human,Human,baseline_unrestricted,107,,,,0,0,0,0,0,0,
Anne,./data/CHILDES/Manchester/Anne/020504.cha,child,human,Human,baseline_unrestricted,96,0.13333333333333333,0.42857142857142855,0.22727272727272727,2,3,15,7,17,22,0.22727272727272727
Anne,./data/CHILDES/Manchester/Anne/020504.cha,mother,human,Human,baseline_unrestricted,96,0.16666666666666666,0.4,0.23529411764705882,2,2,12,5,13,17,0.23529411764705882
Anne,./data/CHILDES/Manchester/Anne/020504.cha,other_adult,human,Human,baseline_unrestricted,96,,,,0,0,0,0,0,0,
Anne,./data/CHILDES/Manchester/Anne/011120.cha,child,human,Human,baseline_unrestricted,74,0.0,0.5,0.16666666666666666,0,1,4,2,5,6,0.16666666666666666
Anne,./data/CHILDES/Manchester/Anne/011120.cha,mother,human,Human,baseline_unrestricted,74,0.0,1.0,0.16666666666666666,0,1,5,1,5,6,0.16666666666666666
Anne,./data/CHILDES/Manchester/Anne/011120.cha,other_adult,human,Human,baseline_unrestricted,74,,,,0,0,0,0,0,0,
Anne,./data/CHILDES/Manchester/Anne/020908.cha,child,human,Human,baseline_unrestricted,106,0.25,0.3,0.2857142857142857,1,3,4,10,10,14,0.2857142857142857
Anne,./data/CHILDES/Manchester/Anne/020908.cha,mother,human,Human,baseline_unrestricted,106,0.2857142857142857,0.07692307692307693,0.15,2,1,7,13,17,20,0.15
Anne,./data/CHILDES/Manchester/Anne/020908.cha,other_adult,human,Human,baseline_unrestricted,106,,,,0,0,0,0,0,0,
Anne,./data/CHILDES/Manchester/Anne/020713.cha,child,human,Human,baseline_unrestricted,98,0.0,0.2222222222222222,0.125,0,2,7,9,14,16,0.125
Anne,./data/CHILDES/Manchester/Anne/020713.cha,mother,human,Human,baseline_unrestricted,98,0.3333333333333333,0.0,0.20833333333333334,5,0,15,9,19,24,0.20833333333333334
Anne,./data/CHILDES/Manchester/Anne/020713.cha,other_adult,human,Human,baseline_unrestricted,98,,,,0,0,0,0,0,0,
Anne,./data/CHILDES/Manchester/Anne/020210.cha,child,human,Human,baseline_unrestricted,101,0.25,0.16666666666666666,0.2,2,2,8,12,16,20,0.2
Anne,./data/CHILDES/Manchester/Anne/020210.cha,mother,human,Human,baseline_unrestricted,101,0.18181818181818182,0.1111111111111111,0.13793103448275862,2,2,11,18,25,29,0.13793103448275862
Anne,./data/CHILDES/Manchester/Anne/020210.cha,other_adult,human,Human,baseline_unrestricted,101,,,,0,0,0,0,0,0,
Anne,./data/CHILDES/Manchester/Anne/020826.cha,child,human,Human,baseline_unrestricted,100,0.09090909090909091,0.0,0.06666666666666667,1,0,11,4,14,15,0.06666666666666667
Anne,./data/CHILDES/Manchester/Anne/020826.cha,mother,human,Human,baseline_unrestricted,100,0.1111111111111111,0.0,0.06666666666666667,1,0,9,6,14,15,0.06666666666666667
Anne,./data/CHILDES/Manchester/Anne/020826.cha,other_adult,human,Human,baseline_unrestricted,100,,,,0,0,0,0,0,0,
Anne,./data/CHILDES/Manchester/Anne/020629.cha,child,human,Human,baseline_unrestricted,112,0.26666666666666666,0.0,0.2,4,0,15,5,16,20,0.2
Anne,./data/CHILDES/Manchester/Anne/020629.cha,mother,human,Human,baseline_unrestricted,112,0.14285714285714285,0.125,0.13636363636363635,2,1,14,8,19,22,0.13636363636363635
Anne,./data/CHILDES/Manchester/Anne/020629.cha,other_adult,human,Human,baseline_unrestricted,112,,,,0,0,0,0,0,0,
Anne,./data/CHILDES/Manchester/Anne/020824.cha,child,human,Human,baseline_unrestricted,100,0.0,0.14285714285714285,0.08333333333333333,0,1,5,7,11,12,0.08333333333333333
Anne,./data/CHILDES/Manchester/Anne/020824.cha,mother,human,Human,baseline_unrestricted,100,0.25,0.25,0.25,2,2,8,8,12,16,0.25
Anne,./data/CHILDES/Manchester/Anne/020824.cha,other_adult,human,Human,baseline_unrestricted,100,,,,0,0,0,0,0,0,
Anne,./data/CHILDES/Manchester/Anne/020400.cha,child,human,Human,baseline_unrestricted,122,0.2,0.18181818181818182,0.19047619047619047,2,2,10,11,17,21,0.19047619047619047
Anne,./data/CHILDES/Manchester/Anne/020400.cha,mother,human,Human,baseline_unrestricted,122,0.3333333333333333,0.0,0.13793103448275862,4,0,12,17,25,29,0.13793103448275862
Anne,./data/CHILDES/Manchester/Anne/020400.cha,other_adult,human,Human,baseline_unrestricted,122,,,,0,0,0,0,0,0,
Anne,./data/CHILDES/Manchester/Anne/020414.cha,child,human,Human,baseline_unrestricted,98,0.0,0.25,0.16666666666666666,0,2,4,8,10,12,0.16666666666666666
Anne,./data/CHILDES/Manchester/Anne/020414.cha,mother,human,Human,baseline_unrestricted,98,0.3076923076923077,0.0625,0.1724137931034483,4,1,13,16,24,29,0.1724137931034483
Anne,./data/CHILDES/Manchester/Anne/020414.cha,other_adult,human,Human,baseline_unrestricted,98,,,,0,0,0,0,0,0,
Anne,./data/CHILDES/Manchester/Anne/020212.cha,child,human,Human,baseline_unrestricted,107,0.3333333333333333,0.2222222222222222,0.25,2,4,6,18,18,24,0.25
Anne,./data/CHILDES/Manchester/Anne/020212.cha,mother,human,Human,baseline_unrestricted,107,0.23529411764705882,0.0,0.10256410256410256,4,0,17,22,35,39,0.10256410256410256
Anne,./data/CHILDES/Manchester/Anne/020212.cha,other_adult,human,Human,baseline_unrestricted,107,,,,0,0,0,0,0,0,
Anne,./data/CHILDES/Manchester/Anne/011021.cha,child,human,Human,baseline_unrestricted,87,0.0,0.1111111111111111,0.09090909090909091,0,1,2,9,10,11,0.09090909090909091
Anne,./data/CHILDES/Manchester/Anne/011021.cha,mother,human,Human,baseline_unrestricted,87,0.0,0.14285714285714285,0.08333333333333333,0,1,5,7,11,12,0.08333333333333333
Anne,./data/CHILDES/Manchester/Anne/011021.cha,other_adult,human,Human,baseline_unrestricted,87,,,,0,0,0,0,0,0,
Anne,./data/CHILDES/Manchester/Anne/020029.cha,child,human,Human,baseline_unrestricted,96,0.0,0.2222222222222222,0.15384615384615385,0,2,4,9,11,13,0.15384615384615385
Anne,./data/CHILDES/Manchester/Anne/020029.cha,mother,human,Human,baseline_unrestricted,96,0.2,0.1111111111111111,0.15789473684210525,2,1,10,9,16,19,0.15789473684210525
Anne,./data/CHILDES/Manchester/Anne/020029.cha,other_adult,human,Human,baseline_unrestricted,96,,,,0,0,0,0,0,0,
Anne,./data/CHILDES/Manchester/Anne/020015.cha,child,human,Human,baseline_unrestricted,81,,,,0,0,0,0,0,0,
Anne,./data/CHILDES/Manchester/Anne/020015.cha,mother,human,Human,baseline_unrestricted,81,0.3333333333333333,,0.3333333333333333,1,0,3,0,2,3,0.3333333333333333
Anne,./data/CHILDES/Manchester/Anne/020015.cha,other_adult,human,Human,baseline_unrestricted,81,,,,0,0,0,0,0,0,
Anne,./data/CHILDES/Manchester/Anne/020017.cha,child,human,Human,baseline_unrestricted,94,0.0,0.16666666666666666,0.125,0,1,2,6,7,8,0.125
Anne,./data/CHILDES/Manchester/Anne/020017.cha,mother,human,Human,baseline_unrestricted,94,0.0,0.0,0.0,0,0,3,5,8,8,0.0
Anne,./data/CHILDES/Manchester/Anne/020017.cha,other_adult,human,Human,baseline_unrestricted,94,,,,0,0,0,0,0,0,
Anne,./data/CHILDES/Manchester/Anne/020604.cha,child,human,Human,baseline_unrestricted,95,0.2,0.4,0.3333333333333333,1,4,5,10,10,15,0.3333333333333333
Anne,./data/CHILDES/Manchester/Anne/020604.cha,mother,human,Human,baseline_unrestricted,95,0.4166666666666667,0.06666666666666667,0.2222222222222222,5,1,12,15,21,27,0.2222222222222222
Anne,./data/CHILDES/Manchester/Anne/020604.cha,other_adult,human,Human,baseline_unrestricted,95,,,,0,0,0,0,0,0,
Anne,./data/CHILDES/Manchester/Anne/020412.cha,child,human,Human,baseline_unrestricted,95,0.0,0.14285714285714285,0.08333333333333333,0,1,5,7,11,12,0.08333333333333333
Anne,./data/CHILDES/Manchester/Anne/020412.cha,mother,human,Human,baseline_unrestricted,95,0.2727272727272727,0.2222222222222222,0.25,3,2,11,9,15,20,0.25
Anne,./data/CHILDES/Manchester/Anne/020412.cha,other_adult,human,Human,baseline_unrestricted,95,,,,0,0,0,0,0,0,
John,./data/CHILDES/Manchester/John/020609.cha,child,human,Human,baseline_unrestricted,67,0.4,0.6666666666666666,0.5,2,2,5,3,4,8,0.5
John,./data/CHILDES/Manchester/John/020609.cha,mother,human,Human,baseline_unrestricted,67,0.25,0.5,0.4,1,3,4,6,6,10,0.4
John,./data/CHILDES/Manchester/John/020609.cha,other_adult,human,Human,baseline_unrestricted,67,,,,0,0,0,0,0,0,
John,./data/CHILDES/Manchester/John/020620.cha,child,human,Human,baseline_unrestricted,62,0.36363636363636365,0.5,0.42105263157894735,4,4,11,8,11,19,0.42105263157894735
John,./data/CHILDES/Manchester/John/020620.cha,mother,human,Human,baseline_unrestricted,62,0.4,0.14285714285714285,0.3181818181818182,6,1,15,7,15,22,0.3181818181818182
John,./data/CHILDES/Manchester/John/020620.cha,other_adult,human,Human,baseline_unrestricted,62,,,,0,0,0,0,0,0,
John,./data/CHILDES/Manchester/John/020026.cha,child,human,Human,baseline_unrestricted,84,0.0,0.4444444444444444,0.3076923076923077,0,4,4,9,9,13,0.3076923076923077
John,./data/CHILDES/Manchester/John/020026.cha,mother,human,Human,baseline_unrestricted,84,0.5,0.0,0.2222222222222222,2,0,4,5,7,9,0.2222222222222222
John,./data/CHILDES/Manchester/John/020026.cha,other_adult,human,Human,baseline_unrestricted,84,,,,0,0,0,0,0,0,
John,./data/CHILDES/Manchester/John/020018.cha,child,human,Human,baseline_unrestricted,77,0.6666666666666666,0.0,0.3076923076923077,4,0,6,7,9,13,0.3076923076923077
John,./data/CHILDES/Manchester/John/020018.cha,mother,human,Human,baseline_unrestricted,77,0.6,0.0,0.25,3,0,5,7,9,12,0.25
John,./data/CHILDES/Manchester/John/020018.cha,other_adult,human,Human,baseline_unrestricted,77,,,,0,0,0,0,0,0,
John,./data/CHILDES/Manchester/John/020814.cha,child,human,Human,baseline_unrestricted,83,0.14285714285714285,0.4166666666666667,0.3157894736842105,1,5,7,12,13,19,0.3157894736842105
John,./data/CHILDES/Manchester/John/020814.cha,mother,human,Human,baseline_unrestricted,83,0.5,0.0,0.3333333333333333,6,0,12,6,12,18,0.3333333333333333
John,./data/CHILDES/Manchester/John/020814.cha,other_adult,human,Human,baseline_unrestricted,83,,,,0,0,0,0,0,0,
John,./data/CHILDES/Manchester/John/020800.cha,child,human,Human,baseline_unrestricted,76,0.4,0.8333333333333334,0.6363636363636364,2,5,5,6,4,11,0.6363636363636364
John,./data/CHILDES/Manchester/John/020800.cha,mother,human,Human,baseline_unrestricted,76,0.2727272727272727,0.25,0.26666666666666666,3,1,11,4,11,15,0.26666666666666666
John,./data/CHILDES/Manchester/John/020800.cha,other_adult,human,Human,baseline_unrestricted,76,,,,0,0,0,0,0,0,
John,./data/CHILDES/Manchester/John/020208.cha,child,human,Human,baseline_unrestricted,82,1.0,0.1,0.18181818181818182,1,1,1,10,9,11,0.18181818181818182
John,./data/CHILDES/Manchester/John/020208.cha,mother,human,Human,baseline_unrestricted,82,1.0,0.25,0.5384615384615384,5,2,5,8,6,13,0.5384615384615384
John,./data/CHILDES/Manchester/John/020208.cha,other_adult,human,Human,baseline_unrestricted,82,,,,0,0,0,0,0,0,
John,./data/CHILDES/Manchester/John/020221.cha,child,human,Human,baseline_unrestricted,63,1.0,0.16666666666666666,0.375,2,1,2,6,5,8,0.375
John,./data/CHILDES/Manchester/John/020221.cha,mother,human,Human,baseline_unrestricted,63,0.0,0.0,0.0,0,0,2,7,9,9,0.0
John,./data/CHILDES/Manchester/John/020221.cha,other_adult,human,Human,baseline_unrestricted,63,,,,0,0,0,0,0,0,
John,./data/CHILDES/Manchester/John/020905.cha,child,human,Human,baseline_unrestricted,84,,0.3333333333333333,0.3333333333333333,0,2,0,6,4,6,0.3333333333333333
John,./data/CHILDES/Manchester/John/020905.cha,mother,human,Human,baseline_unrestricted,84,0.4,0.0,0.25,2,0,5,3,6,8,0.25
John,./data/CHILDES/Manchester/John/020905.cha,other_adult,human,Human,baseline_unrestricted,84,,,,0,0,0,0,0,0,
John,./data/CHILDES/Manchester/John/020520.cha,child,human,Human,baseline_unrestricted,70,0.3,0.13043478260869565,0.18181818181818182,3,3,10,23,27,33,0.18181818181818182
John,./data/CHILDES/Manchester/John/020520.cha,mother,human,Human,baseline_unrestricted,70,0.5384615384615384,0.2857142857142857,0.36585365853658536,7,8,13,28,26,41,0.36585365853658536
John,./data/CHILDES/Manchester/John/020520.cha,other_adult,human,Human,baseline_unrestricted,70,,,,0,0,0,0,0,0,
John,./data/CHILDES/Manchester/John/020326.cha,child,human,Human,baseline_unrestricted,74,0.75,0.0,0.17647058823529413,3,0,4,13,14,17,0.17647058823529413
John,./data/CHILDES/Manchester/John/020326.cha,mother,human,Human,baseline_unrestricted,74,0.0,0.26666666666666666,0.21052631578947367,0,4,4,15,15,19,0.21052631578947367
John,./data/CHILDES/Manchester/John/020326.cha,other_adult,human,Human,baseline_unrestricted,74,,,,0,0,0,0,0,0,
John,./data/CHILDES/Manchester/John/020124.cha,child,human,Human,baseline_unrestricted,68,0.3333333333333333,1.0,0.6,1,2,3,2,2,5,0.6
John,./data/CHILDES/Manchester/John/020124.cha,mother,human,Human,baseline_unrestricted,68,0.3333333333333333,0.5,0.375,2,1,6,2,5,8,0.375
John,./data/CHILDES/Manchester/John/020124.cha,other_adult,human,Human,baseline_unrestricted,68,,,,0,0,0,0,0,0,
John,./data/CHILDES/Manchester/John/020912.cha,child,human,Human,baseline_unrestricted,89,0.25,0.3333333333333333,0.3,1,2,4,6,7,10,0.3
John,./data/CHILDES/Manchester/John/020912.cha,mother,human,Human,baseline_unrestricted,89,0.0,0.0,0.0,0,0,6,7,13,13,0.0
John,./data/CHILDES/Manchester/John/020912.cha,other_adult,human,Human,baseline_unrestricted,89,,,,0,0,0,0,0,0,
John,./data/CHILDES/Manchester/John/020319.cha,child,human,Human,baseline_unrestricted,94,0.5,0.36363636363636365,0.4,2,4,4,11,9,15,0.4
John,./data/CHILDES/Manchester/John/020319.cha,mother,human,Human,baseline_unrestricted,94,0.5,0.08333333333333333,0.1875,2,1,4,12,13,16,0.1875
John,./data/CHILDES/Manchester/John/020319.cha,other_adult,human,Human,baseline_unrestricted,94,,,,0,0,0,0,0,0,
John,./data/CHILDES/Manchester/John/020708.cha,child,human,Human,baseline_unrestricted,82,0.0,0.3333333333333333,0.25,0,1,1,3,3,4,0.25
John,./data/CHILDES/Manchester/John/020708.cha,mother,human,Human,baseline_unrestricted,82,0.0,0.0,0.0,0,0,4,2,6,6,0.0
John,./data/CHILDES/Manchester/John/020708.cha,other_adult,human,Human,baseline_unrestricted,82,,,,0,0,0,0,0,0,
John,./data/CHILDES/Manchester/John/020724.cha,child,human,Human,baseline_unrestricted,96,0.36363636363636365,0.5,0.4444444444444444,4,8,11,16,15,27,0.4444444444444444
John,./data/CHILDES/Manchester/John/020724.cha,mother,human,Human,baseline_unrestricted,96,0.5882352941176471,0.07142857142857142,0.3548387096774194,10,1,17,14,20,31,0.3548387096774194
John,./data/CHILDES/Manchester/John/020724.cha,other_adult,human,Human,baseline_unrestricted,96,,,,0,0,0,0,0,0,
John,./data/CHILDES/Manchester/John/021017.cha,child,human,Human,baseline_unrestricted,74,0.0,0.4,0.2222222222222222,0,2,4,5,7,9,0.2222222222222222
John,./data/CHILDES/Manchester/John/021017.cha,mother,human,Human,baseline_unrestricted,74,0.25,0.0,0.18181818181818182,2,0,8,3,9,11,0.18181818181818182
John,./data/CHILDES/Manchester/John/021017.cha,other_adult,human,Human,baseline_unrestricted,74,,,,0,0,0,0,0,0,
John,./data/CHILDES/Manchester/John/020527.cha,child,human,Human,baseline_unrestricted,88,0.2,0.375,0.3076923076923077,1,3,5,8,9,13,0.3076923076923077
John,./data/CHILDES/Manchester/John/020527.cha,mother,human,Human,baseline_unrestricted,88,0.14285714285714285,0.0,0.06666666666666667,1,0,7,8,14,15,0.06666666666666667
John,./data/CHILDES/Manchester/John/020527.cha,other_adult,human,Human,baseline_unrestricted,88,,,,0,0,0,0,0,0,
John,./data/CHILDES/Manchester/John/011129.cha,child,human,Human,baseline_unrestricted,104,0.5714285714285714,0.4444444444444444,0.5,4,4,7,9,8,16,0.5
John,./data/CHILDES/Manchester/John/011129.cha,mother,human,Human,baseline_unrestricted,104,0.3333333333333333,0.16666666666666666,0.23809523809523808,3,2,9,12,16,21,0.23809523809523808
John,./data/CHILDES/Manchester/John/011129.cha,other_adult,human,Human,baseline_unrestricted,104,,,,0,0,0,0,0,0,
John,./data/CHILDES/Manchester/John/011115.cha,child,human,Human,baseline_unrestricted,89,0.2608695652173913,0.36363636363636365,0.29411764705882354,6,4,23,11,24,34,0.29411764705882354
John,./data/CHILDES/Manchester/John/011115.cha,mother,human,Human,baseline_unrestricted,89,0.2857142857142857,0.36363636363636365,0.3125,6,4,21,11,22,32,0.3125
John,./data/CHILDES/Manchester/John/011115.cha,other_adult,human,Human,baseline_unrestricted,89,,,,0,0,0,0,0,0,
John,./data/CHILDES/Manchester/John/021024.cha,child,human,Human,baseline_unrestricted,84,0.2727272727272727,0.6666666666666666,0.4117647058823529,3,4,11,6,10,17,0.4117647058823529
John,./data/CHILDES/Manchester/John/021024.cha,mother,human,Human,baseline_unrestricted,84,0.4,0.3333333333333333,0.38461538461538464,4,1,10,3,8,13,0.38461538461538464
John,./data/CHILDES/Manchester/John/021024.cha,other_adult,human,Human,baseline_unrestricted,84,,,,0,0,0,0,0,0,
John,./data/CHILDES/Manchester/John/020919.cha,child,human,Human,baseline_unrestricted,93,0.3333333333333333,0.3333333333333333,0.3333333333333333,3,6,9,18,18,27,0.3333333333333333
John,./data/CHILDES/Manchester/John/020919.cha,mother,human,Human,baseline_unrestricted,93,0.5333333333333333,0.2222222222222222,0.4166666666666667,8,2,15,9,14,24,0.4166666666666667
John,./data/CHILDES/Manchester/John/020919.cha,other_adult,human,Human,baseline_unrestricted,93,,,,0,0,0,0,0,0,
John,./data/CHILDES/Manchester/John/020304.cha,child,human,Human,baseline_unrestricted,79,1.0,0.1875,0.23529411764705882,1,3,1,16,13,17,0.23529411764705882
John,./data/CHILDES/Manchester/John/020304.cha,mother,human,Human,baseline_unrestricted,79,0.0,0.06666666666666667,0.05555555555555555,0,1,3,15,17,18,0.05555555555555555
John,./data/CHILDES/Manchester/John/020304.cha,other_adult,human,Human,baseline_unrestricted,79,,,,0,0,0,0,0,0,
John,./data/CHILDES/Manchester/John/020701.cha,child,human,Human,baseline_unrestricted,76,0.5,0.0,0.25,2,0,4,4,6,8,0.25
John,./data/CHILDES/Manchester/John/020701.cha,mother,human,Human,baseline_unrestricted,76,0.25,0.14285714285714285,0.18181818181818182,1,1,4,7,9,11,0.18181818181818182
John,./data/CHILDES/Manchester/John/020701.cha,other_adult,human,Human,baseline_unrestricted,76,,,,0,0,0,0,0,0,
John,./data/CHILDES/Manchester/John/020117.cha,child,human,Human,baseline_unrestricted,76,0.6666666666666666,0.0,0.15384615384615385,2,0,3,10,11,13,0.15384615384615385
John,./data/CHILDES/Manchester/John/020117.cha,mother,human,Human,baseline_unrestricted,76,0.25,0.14285714285714285,0.16666666666666666,1,2,4,14,15,18,0.16666666666666666
John,./data/CHILDES/Manchester/John/020117.cha,other_adult,human,Human,baseline_unrestricted,76,,,,0,0,0,0,0,0,
John,./data/CHILDES/Manchester/John/020102.cha,child,human,Human,baseline_unrestricted,84,0.6666666666666666,0.1111111111111111,0.3333333333333333,4,1,6,9,10,15,0.3333333333333333
John,./data/CHILDES/Manchester/John/020102.cha,mother,human,Human,baseline_unrestricted,84,0.3333333333333333,0.0,0.07692307692307693,1,0,3,10,12,13,0.07692307692307693
John,./data/CHILDES/Manchester/John/020102.cha,other_adult,human,Human,baseline_unrestricted,84,,,,0,0,0,0,0,0,
John,./data/CHILDES/Manchester/John/020506.cha,child,human,Human,baseline_unrestricted,75,0.3333333333333333,0.14285714285714285,0.17647058823529413,1,2,3,14,14,17,0.17647058823529413
John,./data/CHILDES/Manchester/John/020506.cha,mother,human,Human,baseline_unrestricted,75,0.4,0.25,0.2857142857142857,2,4,5,16,15,21,0.2857142857142857
John,./data/CHILDES/Manchester/John/020506.cha,other_adult,human,Human,baseline_unrestricted,75,,,,0,0,0,0,0,0,
John,./data/CHILDES/Manchester/John/021009.cha,child,human,Human,baseline_unrestricted,89,0.1,0.2857142857142857,0.20833333333333334,1,4,10,14,19,24,0.20833333333333334
John,./data/CHILDES/Manchester/John/021009.cha,mother,human,Human,baseline_unrestricted,89,0.5,0.2222222222222222,0.391304347826087,7,2,14,9,14,23,0.391304347826087
John,./data/CHILDES/Manchester/John/021009.cha,other_adult,human,Human,baseline_unrestricted,89,,,,0,0,0,0,0,0,
John,./data/CHILDES/Manchester/John/020013.cha,child,human,Human,baseline_unrestricted,103,0.4,0.3076923076923077,0.3333333333333333,2,4,5,13,12,18,0.3333333333333333
John,./data/CHILDES/Manchester/John/020013.cha,mother,human,Human,baseline_unrestricted,103,0.4,0.4,0.4,4,2,10,5,9,15,0.4
John,./data/CHILDES/Manchester/John/020013.cha,other_adult,human,Human,baseline_unrestricted,103,,,,0,0,0,0,0,0,
John,./data/CHILDES/Manchester/John/020429.cha,child,human,Human,baseline_unrestricted,85,0.0,0.0,0.0,0,0,6,6,12,12,0.0
John,./data/CHILDES/Manchester/John/020429.cha,mother,human,Human,baseline_unrestricted,85,0.6,0.3,0.4,3,3,5,10,9,15,0.4
John,./data/CHILDES/Manchester/John/020429.cha,other_adult,human,Human,baseline_unrestricted,85,,,,0,0,0,0,0,0,
John,./data/CHILDES/Manchester/John/020821.cha,child,human,Human,baseline_unrestricted,81,0.2,0.25,0.2222222222222222,1,1,5,4,7,9,0.2222222222222222
John,./data/CHILDES/Manchester/John/020821.cha,mother,human,Human,baseline_unrestricted,81,0.36363636363636365,0.1111111111111111,0.25,4,1,11,9,15,20,0.25
John,./data/CHILDES/Manchester/John/020821.cha,other_adult,human,Human,baseline_unrestricted,81,,,,0,0,0,0,0,0,
John,./data/CHILDES/Manchester/John/020228.cha,child,human,Human,baseline_unrestricted,69,1.0,0.25,0.4,1,1,1,4,3,5,0.4
John,./data/CHILDES/Manchester/John/020228.cha,mother,human,Human,baseline_unrestricted,69,0.0,0.4,0.3333333333333333,0,2,1,5,4,6,0.3333333333333333
John,./data/CHILDES/Manchester/John/020228.cha,other_adult,human,Human,baseline_unrestricted,69,,,,0,0,0,0,0,0,
Nicole,./data/CHILDES/Manchester/Nicole/020806.cha,child,human,Human,baseline_unrestricted,98,0.0,0.75,0.375,0,3,4,4,5,8,0.375
Nicole,./data/CHILDES/Manchester/Nicole/020806.cha,mother,human,Human,baseline_unrestricted,98,0.058823529411764705,0.0,0.05,1,0,17,3,19,20,0.05
Nicole,./data/CHILDES/Manchester/Nicole/020806.cha,other_adult,human,Human,baseline_unrestricted,98,,,,0,0,0,0,0,0,
Nicole,./data/CHILDES/Manchester/Nicole/020623.cha,child,human,Human,baseline_unrestricted,86,0.0,1.0,0.6666666666666666,0,2,1,2,1,3,0.6666666666666666
Nicole,./data/CHILDES/Manchester/Nicole/020623.cha,mother,human,Human,baseline_unrestricted,86,0.0,0.0,0.0,0,0,1,1,2,2,0.0
Nicole,./data/CHILDES/Manchester/Nicole/020623.cha,other_adult,human,Human,baseline_unrestricted,86,,,,0,0,0,0,0,0,
Nicole,./data/CHILDES/Manchester/Nicole/020421.cha,child,human,Human,baseline_unrestricted,81,0.0,1.0,0.5,0,2,2,2,2,4,0.5
Nicole,./data/CHILDES/Manchester/Nicole/020421.cha,mother,human,Human,baseline_unrestricted,81,0.4,,0.4,2,0,5,0,3,5,0.4
Nicole,./data/CHILDES/Manchester/Nicole/020421.cha,other_adult,human,Human,baseline_unrestricted,81,,,,0,0,0,0,0,0,
Nicole,./data/CHILDES/Manchester/Nicole/020227.cha,child,human,Human,baseline_unrestricted,78,0.0,0.0,0.0,0,0,4,1,5,5,0.0
Nicole,./data/CHILDES/Manchester/Nicole/020227.cha,mother,human,Human,baseline_unrestricted,78,0.0,0.0,0.0,0,0,5,1,6,6,0.0
Nicole,./data/CHILDES/Manchester/Nicole/020227.cha,other_adult,human,Human,baseline_unrestricted,78,,,,0,0,0,0,0,0,
Nicole,./data/CHILDES/Manchester/Nicole/021111.cha,child,human,Human,baseline_unrestricted,68,0.0,0.0,0.0,0,0,7,3,10,10,0.0
Nicole,./data/CHILDES/Manchester/Nicole/021111.cha,mother,human,Human,baseline_unrestricted,68,0.16666666666666666,0.0,0.08333333333333333,1,0,6,6,11,12,0.08333333333333333
Nicole,./data/CHILDES/Manchester/Nicole/021111.cha,other_adult,human,Human,baseline_unrestricted,68,,,,0,0,0,0,0,0,
Nicole,./data/CHILDES/Manchester/Nicole/020025.cha,child,human,Human,baseline_unrestricted,100,0.0,0.0,0.0,0,0,1,1,2,2,0.0
Nicole,./data/CHILDES/Manchester/Nicole/020025.cha,mother,human,Human,baseline_unrestricted,100,0.0,0.0,0.0,0,0,1,1,2,2,0.0
Nicole,./data/CHILDES/Manchester/Nicole/020025.cha,other_adult,human,Human,baseline_unrestricted,100,,,,0,0,0,0,0,0,
Nicole,./data/CHILDES/Manchester/Nicole/020418.cha,child,human,Human,baseline_unrestricted,69,0.0,0.5,0.3333333333333333,0,2,2,4,4,6,0.3333333333333333
Nicole,./data/CHILDES/Manchester/Nicole/020418.cha,mother,human,Human,baseline_unrestricted,69,0.125,1.0,0.2222222222222222,1,1,8,1,7,9,0.2222222222222222
Nicole,./data/CHILDES/Manchester/Nicole/020418.cha,other_adult,human,Human,baseline_unrestricted,69,,,,0,0,0,0,0,0,
Nicole,./data/CHILDES/Manchester/Nicole/020730.cha,child,human,Human,baseline_unrestricted,81,0.0,0.8,0.3333333333333333,0,4,7,5,8,12,0.3333333333333333
Nicole,./data/CHILDES/Manchester/Nicole/020730.cha,mother,human,Human,baseline_unrestricted,81,0.3076923076923077,1.0,0.35714285714285715,4,1,13,1,9,14,0.35714285714285715
Nicole,./data/CHILDES/Manchester/Nicole/020730.cha,other_adult,human,Human,baseline_unrestricted,81,,,,0,0,0,0,0,0,
Nicole,./data/CHILDES/Manchester/Nicole/020903.cha,child,human,Human,baseline_unrestricted,100,0.0,0.3333333333333333,0.1,0,1,7,3,9,10,0.1
Nicole,./data/CHILDES/Manchester/Nicole/020903.cha,mother,human,Human,baseline_unrestricted,100,0.1,,0.1,1,0,10,0,9,10,0.1
Nicole,./data/CHILDES/Manchester/Nicole/020903.cha,other_adult,human,Human,baseline_unrestricted,100,,,,0,0,0,0,0,0,
Nicole,./data/CHILDES/Manchester/Nicole/020917.cha,child,human,Human,baseline_unrestricted,67,0.125,0.0,0.1,1,0,8,2,9,10,0.1
Nicole,./data/CHILDES/Manchester/Nicole/020917.cha,mother,human,Human,baseline_unrestricted,67,0.18181818181818182,0.0,0.125,2,0,11,5,14,16,0.125
Nicole,./data/CHILDES/Manchester/Nicole/020917.cha,other_adult,human,Human,baseline_unrestricted,67,,,,0,0,0,0,0,0,
Nicole,./data/CHILDES/Manchester/Nicole/020526.cha,child,human,Human,baseline_unrestricted,65,0.5,0.0,0.3333333333333333,1,0,2,1,2,3,0.3333333333333333
Nicole,./data/CHILDES/Manchester/Nicole/020526.cha,mother,human,Human,baseline_unrestricted,65,0.0,0.0,0.0,0,0,2,2,4,4,0.0
Nicole,./data/CHILDES/Manchester/Nicole/020526.cha,other_adult,human,Human,baseline_unrestricted,65,,,,0,0,0,0,0,0,
Nicole,./data/CHILDES/Manchester/Nicole/020122.cha,child,human,Human,baseline_unrestricted,85,0.0,0.42857142857142855,0.2727272727272727,0,3,4,7,8,11,0.2727272727272727
Nicole,./data/CHILDES/Manchester/Nicole/020122.cha,mother,human,Human,baseline_unrestricted,85,0.4,0.0,0.2857142857142857,4,0,10,4,10,14,0.2857142857142857
Nicole,./data/CHILDES/Manchester/Nicole/020122.cha,other_adult,human,Human,baseline_unrestricted,85,,,,0,0,0,0,0,0,
Nicole,./data/CHILDES/Manchester/Nicole/021029.cha,child,human,Human,baseline_unrestricted,64,0.0,0.0,0.0,0,0,3,1,4,4,0.0
Nicole,./data/CHILDES/Manchester/Nicole/021029.cha,mother,human,Human,baseline_unrestricted,64,0.25,0.0,0.14285714285714285,1,0,4,3,6,7,0.14285714285714285
Nicole,./data/CHILDES/Manchester/Nicole/021029.cha,other_adult,human,Human,baseline_unrestricted,64,,,,0,0,0,0,0,0,
Nicole,./data/CHILDES/Manchester/Nicole/021001.cha,child,human,Human,baseline_unrestricted,85,1.0,0.5,0.6666666666666666,1,1,1,2,1,3,0.6666666666666666
Nicole,./data/CHILDES/Manchester/Nicole/021001.cha,mother,human,Human,baseline_unrestricted,85,0.0,0.0,0.0,0,0,3,2,5,5,0.0
Nicole,./data/CHILDES/Manchester/Nicole/021001.cha,other_adult,human,Human,baseline_unrestricted,85,,,,0,0,0,0,0,0,
Nicole,./data/CHILDES/Manchester/Nicole/021022.cha,child,human,Human,baseline_unrestricted,95,0.07142857142857142,0.3333333333333333,0.15,1,2,14,6,17,20,0.15
Nicole,./data/CHILDES/Manchester/Nicole/021022.cha,mother,human,Human,baseline_unrestricted,95,0.3333333333333333,0.0,0.2777777777777778,5,0,15,3,13,18,0.2777777777777778
Nicole,./data/CHILDES/Manchester/Nicole/021022.cha,other_adult,human,Human,baseline_unrestricted,95,,,,0,0,0,0,0,0,
Nicole,./data/CHILDES/Manchester/Nicole/020712.cha,child,human,Human,baseline_unrestricted,81,0.0,1.0,0.42857142857142855,0,3,4,3,4,7,0.42857142857142855
Nicole,./data/CHILDES/Manchester/Nicole/020712.cha,mother,human,Human,baseline_unrestricted,81,0.3333333333333333,0.0,0.25,1,0,3,1,3,4,0.25
Nicole,./data/CHILDES/Manchester/Nicole/020712.cha,other_adult,human,Human,baseline_unrestricted,81,,,,0,0,0,0,0,0,
Nicole,./data/CHILDES/Manchester/Nicole/020706.cha,child,human,Human,baseline_unrestricted,86,0.0,0.5,0.125,0,1,6,2,7,8,0.125
Nicole,./data/CHILDES/Manchester/Nicole/020706.cha,mother,human,Human,baseline_unrestricted,86,0.0,0.0,0.0,0,0,7,3,10,10,0.0
Nicole,./data/CHILDES/Manchester/Nicole/020706.cha,other_adult,human,Human,baseline_unrestricted,86,,,,0,0,0,0,0,0,
Nicole,./data/CHILDES/Manchester/Nicole/020909.cha,child,human,Human,baseline_unrestricted,80,0.0,0.0,0.0,0,0,5,3,8,8,0.0
Nicole,./data/CHILDES/Manchester/Nicole/020909.cha,mother,human,Human,baseline_unrestricted,80,0.2,0.6666666666666666,0.375,1,2,5,3,5,8,0.375
Nicole,./data/CHILDES/Manchester/Nicole/020909.cha,other_adult,human,Human,baseline_unrestricted,80,,,,0,0,0,0,0,0,
Nicole,./data/CHILDES/Manchester/Nicole/021008.cha,child,human,Human,baseline_unrestricted,74,0.0,0.5,0.2857142857142857,0,2,3,4,5,7,0.2857142857142857
Nicole,./data/CHILDES/Manchester/Nicole/021008.cha,mother,human,Human,baseline_unrestricted,74,0.2727272727272727,0.0,0.23076923076923078,3,0,11,2,10,13,0.23076923076923078
Nicole,./data/CHILDES/Manchester/Nicole/021008.cha,other_adult,human,Human,baseline_unrestricted,74,,,,0,0,0,0,0,0,
Nicole,./data/CHILDES/Manchester/Nicole/020115.cha,child,human,Human,baseline_unrestricted,59,0.0,1.0,0.75,0,3,1,3,1,4,0.75
Nicole,./data/CHILDES/Manchester/Nicole/020115.cha,mother,human,Human,baseline_unrestricted,59,0.0,,0.0,0,0,4,0,4,4,0.0
Nicole,./data/CHILDES/Manchester/Nicole/020115.cha,other_adult,human,Human,baseline_unrestricted,59,,,,0,0,0,0,0,0,
Nicole,./data/CHILDES/Manchester/Nicole/020101.cha,child,human,Human,baseline_unrestricted,67,,,,0,0,0,0,0,0,
Nicole,./data/CHILDES/Manchester/Nicole/020101.cha,mother,human,Human,baseline_unrestricted,67,,,,0,0,0,0,0,0,
Nicole,./data/CHILDES/Manchester/Nicole/020101.cha,other_adult,human,Human,baseline_unrestricted,67,,,,0,0,0,0,0,0,
Nicole,./data/CHILDES/Manchester/Nicole/020317.cha,child,human,Human,baseline_unrestricted,97,0.0,0.3333333333333333,0.16666666666666666,0,2,6,6,10,12,0.16666666666666666
Nicole,./data/CHILDES/Manchester/Nicole/020317.cha,mother,human,Human,baseline_unrestricted,97,0.375,0.25,0.3333333333333333,3,1,8,4,8,12,0.3333333333333333
Nicole,./data/CHILDES/Manchester/Nicole/020317.cha,other_adult,human,Human,baseline_unrestricted,97,,,,0,0,0,0,0,0,
Nicole,./data/CHILDES/Manchester/Nicole/020303.cha,child,human,Human,baseline_unrestricted,92,0.0,0.75,0.23076923076923078,0,3,9,4,10,13,0.23076923076923078
Nicole,./data/CHILDES/Manchester/Nicole/020303.cha,mother,human,Human,baseline_unrestricted,92,0.2,,0.2,3,0,15,0,12,15,0.2
Nicole,./data/CHILDES/Manchester/Nicole/020303.cha,other_adult,human,Human,baseline_unrestricted,92,,,,0,0,0,0,0,0,
Nicole,./data/CHILDES/Manchester/Nicole/020505.cha,child,human,Human,baseline_unrestricted,66,,0.0,0.0,0,0,0,1,1,1,0.0
Nicole,./data/CHILDES/Manchester/Nicole/020505.cha,mother,human,Human,baseline_unrestricted,66,0.0,,0.0,0,0,1,0,1,1,0.0
Nicole,./data/CHILDES/Manchester/Nicole/020505.cha,other_adult,human,Human,baseline_unrestricted,66,,,,0,0,0,0,0,0,
Nicole,./data/CHILDES/Manchester/Nicole/030003.cha,child,human,Human,baseline_unrestricted,74,0.0,0.375,0.3,0,3,2,8,7,10,0.3
Nicole,./data/CHILDES/Manchester/Nicole/030003.cha,mother,human,Human,baseline_unrestricted,74,0.0,0.14285714285714285,0.1,0,1,3,7,9,10,0.1
Nicole,./data/CHILDES/Manchester/Nicole/030003.cha,other_adult,human,Human,baseline_unrestricted,74,,,,0,0,0,0,0,0,
Nicole,./data/CHILDES/Manchester/Nicole/020205.cha,child,human,Human,baseline_unrestricted,97,0.0,,0.0,0,0,1,0,1,1,0.0
Nicole,./data/CHILDES/Manchester/Nicole/020205.cha,mother,human,Human,baseline_unrestricted,97,0.3333333333333333,,0.3333333333333333,1,0,3,0,2,3,0.3333333333333333
Nicole,./data/CHILDES/Manchester/Nicole/020205.cha,other_adult,human,Human,baseline_unrestricted,97,,,,0,0,0,0,0,0,
Nicole,./data/CHILDES/Manchester/Nicole/020429.cha,child,human,Human,baseline_unrestricted,93,0.0,0.0,0.0,0,0,4,1,5,5,0.0
Nicole,./data/CHILDES/Manchester/Nicole/020429.cha,mother,human,Human,baseline_unrestricted,93,0.2,1.0,0.3333333333333333,1,1,5,1,4,6,0.3333333333333333
Nicole,./data/CHILDES/Manchester/Nicole/020429.cha,other_adult,human,Human,baseline_unrestricted,93,,,,0,0,0,0,0,0,
Nicole,./data/CHILDES/Manchester/Nicole/020616.cha,child,human,Human,baseline_unrestricted,73,0.0,0.5,0.2,0,1,3,2,4,5,0.2
Nicole,./data/CHILDES/Manchester/Nicole/020616.cha,mother,human,Human,baseline_unrestricted,73,0.0,0.0,0.0,0,0,5,1,6,6,0.0
Nicole,./data/CHILDES/Manchester/Nicole/020616.cha,other_adult,human,Human,baseline_unrestricted,73,,,,0,0,0,0,0,0,
Nicole,./data/CHILDES/Manchester/Nicole/020400.cha,child,human,Human,baseline_unrestricted,76,0.5,0.5,0.5,1,1,2,2,2,4,0.5
Nicole,./data/CHILDES/Manchester/Nicole/020400.cha,mother,human,Human,baseline_unrestricted,76,0.0,,0.0,0,0,5,0,5,5,0.0
Nicole,./data/CHILDES/Manchester/Nicole/020400.cha,other_adult,human,Human,baseline_unrestricted,76,,,,0,0,0,0,0,0,
Nicole,./data/CHILDES/Manchester/Nicole/020212.cha,child,human,Human,baseline_unrestricted,80,0.25,1.0,0.4,1,1,4,1,3,5,0.4
Nicole,./data/CHILDES/Manchester/Nicole/020212.cha,mother,human,Human,baseline_unrestricted,80,0.4,,0.4,2,0,5,0,3,5,0.4
Nicole,./data/CHILDES/Manchester/Nicole/020212.cha,other_adult,human,Human,baseline_unrestricted,80,,,,0,0,0,0,0,0,
Nicole,./data/CHILDES/Manchester/Nicole/021118.cha,child,human,Human,baseline_unrestricted,61,0.0,0.0,0.0,0,0,1,5,6,6,0.0
Nicole,./data/CHILDES/Manchester/Nicole/021118.cha,mother,human,Human,baseline_unrestricted,61,,0.0,0.0,0,0,0,3,3,3,0.0
Nicole,./data/CHILDES/Manchester/Nicole/021118.cha,other_adult,human,Human,baseline_unrestricted,61,,,,0,0,0,0,0,0,
Nicole,./data/CHILDES/Manchester/Nicole/020820.cha,child,human,Human,baseline_unrestricted,105,0.0,1.0,0.25,0,3,9,3,9,12,0.25
Nicole,./data/CHILDES/Manchester/Nicole/020820.cha,mother,human,Human,baseline_unrestricted,105,0.42857142857142855,0.0,0.4,6,0,14,1,9,15,0.4
Nicole,./data/CHILDES/Manchester/Nicole/020820.cha,other_adult,human,Human,baseline_unrestricted,105,,,,0,0,0,0,0,0,
Nicole,./data/CHILDES/Manchester/Nicole/030010.cha,child,human,Human,baseline_unrestricted,72,0.09090909090909091,0.0,0.06666666666666667,1,0,11,4,14,15,0.06666666666666667
Nicole,./data/CHILDES/Manchester/Nicole/030010.cha,mother,human,Human,baseline_unrestricted,72,0.0,0.0,0.0,0,0,10,6,16,16,0.0
Nicole,./data/CHILDES/Manchester/Nicole/030010.cha,other_adult,human,Human,baseline_unrestricted,72,,,,0,0,0,0,0,0,
Nicole,./data/CHILDES/Manchester/Nicole/020611.cha,child,human,Human,baseline_unrestricted,28,,,,0,0,0,0,0,0,
Nicole,./data/CHILDES/Manchester/Nicole/020611.cha,mother,human,Human,baseline_unrestricted,28,,,,0,0,0,0,0,0,
Nicole,./data/CHILDES/Manchester/Nicole/020611.cha,other_adult,human,Human,baseline_unrestricted,28,,,,0,0,0,0,0,0,
Warren,./data/CHILDES/Manchester/Warren/020422.cha,child,human,Human,baseline_unrestricted,88,0.36363636363636365,0.125,0.2222222222222222,4,2,11,16,21,27,0.2222222222222222
Warren,./data/CHILDES/Manchester/Warren/020422.cha,mother,human,Human,baseline_unrestricted,88,0.2,0.08695652173913043,0.13157894736842105,3,2,15,23,33,38,0.13157894736842105
Warren,./data/CHILDES/Manchester/Warren/020422.cha,other_adult,human,Human,baseline_unrestricted,88,,,,0,0,0,0,0,0,
Warren,./data/CHILDES/Manchester/Warren/011006.cha,child,human,Human,baseline_unrestricted,80,0.2857142857142857,0.08333333333333333,0.19230769230769232,4,1,14,12,21,26,0.19230769230769232
Warren,./data/CHILDES/Manchester/Warren/011006.cha,mother,human,Human,baseline_unrestricted,80,0.125,0.25,0.20833333333333334,1,4,8,16,19,24,0.20833333333333334
Warren,./data/CHILDES/Manchester/Warren/011006.cha,other_adult,human,Human,baseline_unrestricted,80,,,,0,0,0,0,0,0,
Warren,./data/CHILDES/Manchester/Warren/020218.cha,child,human,Human,baseline_unrestricted,104,0.25,0.05263157894736842,0.12903225806451613,3,1,12,19,27,31,0.12903225806451613
Warren,./data/CHILDES/Manchester/Warren/020218.cha,mother,human,Human,baseline_unrestricted,104,0.23076923076923078,0.27586206896551724,0.2619047619047619,3,8,13,29,31,42,0.2619047619047619
Warren,./data/CHILDES/Manchester/Warren/020218.cha,other_adult,human,Human,baseline_unrestricted,104,,,,0,0,0,0,0,0,
Warren,./data/CHILDES/Manchester/Warren/020024.cha,child,human,Human,baseline_unrestricted,91,0.16666666666666666,0.18181818181818182,0.17647058823529413,1,2,6,11,14,17,0.17647058823529413
Warren,./data/CHILDES/Manchester/Warren/020024.cha,mother,human,Human,baseline_unrestricted,91,0.3333333333333333,0.07692307692307693,0.18181818181818182,3,1,9,13,18,22,0.18181818181818182
Warren,./data/CHILDES/Manchester/Warren/020024.cha,other_adult,human,Human,baseline_unrestricted,91,,,,0,0,0,0,0,0,
Warren,./data/CHILDES/Manchester/Warren/020810.cha,child,human,Human,baseline_unrestricted,107,0.15384615384615385,0.5555555555555556,0.3181818181818182,2,5,13,9,15,22,0.3181818181818182
Warren,./data/CHILDES/Manchester/Warren/020810.cha,mother,human,Human,baseline_unrestricted,107,0.13043478260869565,0.2857142857142857,0.16666666666666666,3,2,23,7,25,30,0.16666666666666666
Warren,./data/CHILDES/Manchester/Warren/020810.cha,other_adult,human,Human,baseline_unrestricted,107,,,,0,0,0,0,0,0,
Warren,./data/CHILDES/Manchester/Warren/020623.cha,child,human,Human,baseline_unrestricted,56,0.0,0.5384615384615384,0.3888888888888889,0,7,5,13,11,18,0.3888888888888889
Warren,./data/CHILDES/Manchester/Warren/020623.cha,mother,human,Human,baseline_unrestricted,56,0.5714285714285714,0.0,0.4,8,0,14,6,12,20,0.4
Warren,./data/CHILDES/Manchester/Warren/020623.cha,other_adult,human,Human,baseline_unrestricted,56,,,,0,0,0,0,0,0,
Warren,./data/CHILDES/Manchester/Warren/011029.cha,child,human,Human,baseline_unrestricted,62,0.25,0.125,0.15,1,2,4,16,17,20,0.15
Warren,./data/CHILDES/Manchester/Warren/011029.cha,mother,human,Human,baseline_unrestricted,62,0.625,0.08333333333333333,0.3,5,1,8,12,14,20,0.3
Warren,./data/CHILDES/Manchester/Warren/011029.cha,other_adult,human,Human,baseline_unrestricted,62,,,,0,0,0,0,0,0,
Warren,./data/CHILDES/Manchester/Warren/011015.cha,child,human,Human,baseline_unrestricted,99,0.6666666666666666,0.1111111111111111,0.3888888888888889,6,1,9,9,11,18,0.3888888888888889
Warren,./data/CHILDES/Manchester/Warren/011015.cha,mother,human,Human,baseline_unrestricted,99,0.25,0.13333333333333333,0.17391304347826086,2,2,8,15,19,23,0.17391304347826086
Warren,./data/CHILDES/Manchester/Warren/011015.cha,other_adult,human,Human,baseline_unrestricted,99,,,,0,0,0,0,0,0,
Warren,./data/CHILDES/Manchester/Warren/020624.cha,child,human,Human,baseline_unrestricted,65,0.0,0.5555555555555556,0.35714285714285715,0,5,5,9,9,14,0.35714285714285715
Warren,./data/CHILDES/Manchester/Warren/020624.cha,mother,human,Human,baseline_unrestricted,65,0.5,0.0,0.38461538461538464,5,0,10,3,8,13,0.38461538461538464
Warren,./data/CHILDES/Manchester/Warren/020624.cha,other_adult,human,Human,baseline_unrestricted,65,,,,0,0,0,0,0,0,
Warren,./data/CHILDES/Manchester/Warren/020816.cha,child,human,Human,baseline_unrestricted,116,0.0,0.21052631578947367,0.16,0,4,6,19,21,25,0.16
Warren,./data/CHILDES/Manchester/Warren/020816.cha,mother,human,Human,baseline_unrestricted,116,0.1875,0.0,0.11538461538461539,3,0,16,10,23,26,0.11538461538461539
Warren,./data/CHILDES/Manchester/Warren/020816.cha,other_adult,human,Human,baseline_unrestricted,116,,,,0,0,0,0,0,0,
Warren,./data/CHILDES/Manchester/Warren/020520.cha,child,human,Human,baseline_unrestricted,109,0.38461538461538464,0.25,0.30303030303030304,5,5,13,20,23,33,0.30303030303030304
Warren,./data/CHILDES/Manchester/Warren/020520.cha,mother,human,Human,baseline_unrestricted,109,0.3125,0.1,0.19444444444444445,5,2,16,20,29,36,0.19444444444444445
Warren,./data/CHILDES/Manchester/Warren/020520.cha,other_adult,human,Human,baseline_unrestricted,109,,,,0,0,0,0,0,0,
Warren,./data/CHILDES/Manchester/Warren/011104.cha,child,human,Human,baseline_unrestricted,82,0.6666666666666666,0.0625,0.15789473684210525,2,1,3,16,16,19,0.15789473684210525
Warren,./data/CHILDES/Manchester/Warren/011104.cha,mother,human,Human,baseline_unrestricted,82,0.5,0.15384615384615385,0.2631578947368421,3,2,6,13,14,19,0.2631578947368421
Warren,./data/CHILDES/Manchester/Warren/011104.cha,other_adult,human,Human,baseline_unrestricted,82,,,,0,0,0,0,0,0,
Warren,./data/CHILDES/Manchester/Warren/020721.cha,child,human,Human,baseline_unrestricted,108,0.2222222222222222,0.5384615384615384,0.4090909090909091,2,7,9,13,13,22,0.4090909090909091
Warren,./data/CHILDES/Manchester/Warren/020721.cha,mother,human,Human,baseline_unrestricted,108,0.3888888888888889,0.18181818181818182,0.3103448275862069,7,2,18,11,20,29,0.3103448275862069
Warren,./data/CHILDES/Manchester/Warren/020721.cha,other_adult,human,Human,baseline_unrestricted,108,,,,0,0,0,0,0,0,
Warren,./data/CHILDES/Manchester/Warren/020325.cha,child,human,Human,baseline_unrestricted,112,0.42857142857142855,0.2857142857142857,0.35714285714285715,6,4,14,14,18,28,0.35714285714285715
Warren,./data/CHILDES/Manchester/Warren/020325.cha,mother,human,Human,baseline_unrestricted,112,0.4375,0.4,0.41935483870967744,7,6,16,15,18,31,0.41935483870967744
Warren,./data/CHILDES/Manchester/Warren/020325.cha,other_adult,human,Human,baseline_unrestricted,112,,,,0,0,0,0,0,0,
Warren,./data/CHILDES/Manchester/Warren/020708.cha,child,human,Human,baseline_unrestricted,98,0.0,0.38461538461538464,0.18518518518518517,0,5,14,13,22,27,0.18518518518518517
Warren,./data/CHILDES/Manchester/Warren/020708.cha,mother,human,Human,baseline_unrestricted,98,0.3888888888888889,0.2857142857142857,0.36,7,2,18,7,16,25,0.36
Warren,./data/CHILDES/Manchester/Warren/020708.cha,other_adult,human,Human,baseline_unrestricted,98,,,,0,0,0,0,0,0,
Warren,./data/CHILDES/Manchester/Warren/020308.cha,child,human,Human,baseline_unrestricted,116,0.08333333333333333,0.375,0.25,1,6,12,16,21,28,0.25
Warren,./data/CHILDES/Manchester/Warren/020308.cha,mother,human,Human,baseline_unrestricted,116,0.4444444444444444,0.09090909090909091,0.3103448275862069,8,1,18,11,20,29,0.3103448275862069
Warren,./data/CHILDES/Manchester/Warren/020308.cha,other_adult,human,Human,baseline_unrestricted,116,,,,0,0,0,0,0,0,
Warren,./data/CHILDES/Manchester/Warren/020527.cha,child,human,Human,baseline_unrestricted,91,0.25,0.1111111111111111,0.17647058823529413,4,2,16,18,28,34,0.17647058823529413
Warren,./data/CHILDES/Manchester/Warren/020527.cha,mother,human,Human,baseline_unrestricted,91,0.3888888888888889,0.3888888888888889,0.3888888888888889,7,7,18,18,22,36,0.3888888888888889
Warren,./data/CHILDES/Manchester/Warren/020527.cha,other_adult,human,Human,baseline_unrestricted,91,,,,0,0,0,0,0,0,
Warren,./data/CHILDES/Manchester/Warren/020916.cha,child,human,Human,baseline_unrestricted,79,0.0,0.5555555555555556,0.29411764705882354,0,5,8,9,12,17,0.29411764705882354
Warren,./data/CHILDES/Manchester/Warren/020916.cha,mother,human,Human,baseline_unrestricted,79,0.3888888888888889,0.0,0.3333333333333333,7,0,18,3,14,21,0.3333333333333333
Warren,./data/CHILDES/Manchester/Warren/020916.cha,other_adult,human,Human,baseline_unrestricted,79,,,,0,0,0,0,0,0,
Warren,./data/CHILDES/Manchester/Warren/011126.cha,child,human,Human,baseline_unrestricted,110,0.2,0.2222222222222222,0.21428571428571427,2,4,10,18,22,28,0.21428571428571427
Warren,./data/CHILDES/Manchester/Warren/011126.cha,mother,human,Human,baseline_unrestricted,110,0.45454545454545453,0.15384615384615385,0.2916666666666667,5,2,11,13,17,24,0.2916666666666667
Warren,./data/CHILDES/Manchester/Warren/011126.cha,other_adult,human,Human,baseline_unrestricted,110,,,,0,0,0,0,0,0,
Warren,./data/CHILDES/Manchester/Warren/020705.cha,child,human,Human,baseline_unrestricted,52,0.5714285714285714,0.2,0.4166666666666667,4,1,7,5,7,12,0.4166666666666667
Warren,./data/CHILDES/Manchester/Warren/020705.cha,mother,human,Human,baseline_unrestricted,52,0.16666666666666666,0.375,0.2857142857142857,1,3,6,8,10,14,0.2857142857142857
Warren,./data/CHILDES/Manchester/Warren/020705.cha,other_adult,human,Human,baseline_unrestricted,52,,,,0,0,0,0,0,0,
Warren,./data/CHILDES/Manchester/Warren/020513.cha,child,human,Human,baseline_unrestricted,118,0.2,0.25925925925925924,0.24324324324324326,2,7,10,27,28,37,0.24324324324324326
Warren,./data/CHILDES/Manchester/Warren/020513.cha,mother,human,Human,baseline_unrestricted,118,0.46153846153846156,0.09090909090909091,0.2916666666666667,12,2,26,22,34,48,0.2916666666666667
Warren,./data/CHILDES/Manchester/Warren/020513.cha,other_adult,human,Human,baseline_unrestricted,118,,,,0,0,0,0,0,0,
Warren,./data/CHILDES/Manchester/Warren/020712.cha,child,human,Human,baseline_unrestricted,110,0.058823529411764705,0.4117647058823529,0.23529411764705882,1,7,17,17,26,34,0.23529411764705882
Warren,./data/CHILDES/Manchester/Warren/020712.cha,mother,human,Human,baseline_unrestricted,110,0.2,0.2222222222222222,0.20588235294117646,5,2,25,9,27,34,0.20588235294117646
Warren,./data/CHILDES/Manchester/Warren/020712.cha,other_adult,human,Human,baseline_unrestricted,110,,,,0,0,0,0,0,0,
Warren,./data/CHILDES/Manchester/Warren/020302.cha,child,human,Human,baseline_unrestricted,110,0.1111111111111111,0.2,0.17647058823529413,1,5,9,25,28,34,0.17647058823529413
Warren,./data/CHILDES/Manchester/Warren/020302.cha,mother,human,Human,baseline_unrestricted,110,0.3076923076923077,0.17857142857142858,0.21951219512195122,4,5,13,28,32,41,0.21951219512195122
Warren,./data/CHILDES/Manchester/Warren/020302.cha,other_adult,human,Human,baseline_unrestricted,110,,,,0,0,0,0,0,0,
Warren,./data/CHILDES/Manchester/Warren/020114.cha,child,human,Human,baseline_unrestricted,82,1.0,0.15384615384615385,0.26666666666666666,2,2,2,13,11,15,0.26666666666666666
Warren,./data/CHILDES/Manchester/Warren/020114.cha,mother,human,Human,baseline_unrestricted,82,0.25,0.1111111111111111,0.15384615384615385,1,1,4,9,11,13,0.15384615384615385
Warren,./data/CHILDES/Manchester/Warren/020114.cha,other_adult,human,Human,baseline_unrestricted,82,,,,0,0,0,0,0,0,
Warren,./data/CHILDES/Manchester/Warren/020128.cha,child,human,Human,baseline_unrestricted,102,0.4,0.0,0.16666666666666666,2,0,5,7,10,12,0.16666666666666666
Warren,./data/CHILDES/Manchester/Warren/020128.cha,mother,human,Human,baseline_unrestricted,102,0.14285714285714285,0.2727272727272727,0.2222222222222222,1,3,7,11,14,18,0.2222222222222222
Warren,./data/CHILDES/Manchester/Warren/020128.cha,other_adult,human,Human,baseline_unrestricted,102,,,,0,0,0,0,0,0,
Warren,./data/CHILDES/Manchester/Warren/020101.cha,child,human,Human,baseline_unrestricted,77,0.0,0.23076923076923078,0.21428571428571427,0,3,1,13,11,14,0.21428571428571427
Warren,./data/CHILDES/Manchester/Warren/020101.cha,mother,human,Human,baseline_unrestricted,77,0.6,0.1,0.26666666666666666,3,1,5,10,11,15,0.26666666666666666
Warren,./data/CHILDES/Manchester/Warren/020101.cha,other_adult,human,Human,baseline_unrestricted,77,,,,0,0,0,0,0,0,
Warren,./data/CHILDES/Manchester/Warren/020920.cha,child,human,Human,baseline_unrestricted,120,0.2,0.5555555555555556,0.42857142857142855,1,5,5,9,8,14,0.42857142857142855
Warren,./data/CHILDES/Manchester/Warren/020920.cha,mother,human,Human,baseline_unrestricted,120,0.4666666666666667,0.0,0.30434782608695654,7,0,15,8,16,23,0.30434782608695654
Warren,./data/CHILDES/Manchester/Warren/020920.cha,other_adult,human,Human,baseline_unrestricted,120,,,,0,0,0,0,0,0,
Warren,./data/CHILDES/Manchester/Warren/020707.cha,child,human,Human,baseline_unrestricted,51,1.0,0.375,0.5,2,3,2,8,5,10,0.5
Warren,./data/CHILDES/Manchester/Warren/020707.cha,mother,human,Human,baseline_unrestricted,51,0.6,0.1111111111111111,0.2857142857142857,3,1,5,9,10,14,0.2857142857142857
Warren,./data/CHILDES/Manchester/Warren/020707.cha,other_adult,human,Human,baseline_unrestricted,51,,,,0,0,0,0,0,0,
Warren,./data/CHILDES/Manchester/Warren/020205.cha,child,human,Human,baseline_unrestricted,106,0.5,0.07692307692307693,0.23809523809523808,4,1,8,13,16,21,0.23809523809523808
Warren,./data/CHILDES/Manchester/Warren/020205.cha,mother,human,Human,baseline_unrestricted,106,0.42857142857142855,0.15,0.2222222222222222,3,3,7,20,21,27,0.2222222222222222
Warren,./data/CHILDES/Manchester/Warren/020205.cha,other_adult,human,Human,baseline_unrestricted,106,,,,0,0,0,0,0,0,
Warren,./data/CHILDES/Manchester/Warren/020824.cha,child,human,Human,baseline_unrestricted,112,0.36363636363636365,0.7142857142857143,0.56,4,10,11,14,11,25,0.56
Warren,./data/CHILDES/Manchester/Warren/020824.cha,mother,human,Human,baseline_unrestricted,112,0.28,0.0,0.2413793103448276,7,0,25,4,22,29,0.2413793103448276
Warren,./data/CHILDES/Manchester/Warren/020824.cha,other_adult,human,Human,baseline_unrestricted,112,,,,0,0,0,0,0,0,
Warren,./data/CHILDES/Manchester/Warren/020400.cha,child,human,Human,baseline_unrestricted,110,0.4,0.25,0.3333333333333333,4,2,10,8,12,18,0.3333333333333333
Warren,./data/CHILDES/Manchester/Warren/020400.cha,mother,human,Human,baseline_unrestricted,110,0.46153846153846156,0.0,0.3,6,0,13,7,14,20,0.3
Warren,./data/CHILDES/Manchester/Warren/020400.cha,other_adult,human,Human,baseline_unrestricted,110,,,,0,0,0,0,0,0,
Warren,./data/CHILDES/Manchester/Warren/020212.cha,child,human,Human,baseline_unrestricted,96,0.4444444444444444,0.15,0.2413793103448276,4,3,9,20,22,29,0.2413793103448276
Warren,./data/CHILDES/Manchester/Warren/020212.cha,mother,human,Human,baseline_unrestricted,96,0.36363636363636365,0.13636363636363635,0.21212121212121213,4,3,11,22,26,33,0.21212121212121213
Warren,./data/CHILDES/Manchester/Warren/020212.cha,other_adult,human,Human,baseline_unrestricted,96,,,,0,0,0,0,0,0,
Warren,./data/CHILDES/Manchester/Warren/020017.cha,child,human,Human,baseline_unrestricted,101,0.25,0.4,0.35714285714285715,1,4,4,10,9,14,0.35714285714285715
Warren,./data/CHILDES/Manchester/Warren/020017.cha,mother,human,Human,baseline_unrestricted,101,0.3,0.14285714285714285,0.23529411764705882,3,1,10,7,13,17,0.23529411764705882
Warren,./data/CHILDES/Manchester/Warren/020017.cha,other_adult,human,Human,baseline_unrestricted,101,,,,0,0,0,0,0,0,
Warren,./data/CHILDES/Manchester/Warren/020003.cha,child,human,Human,baseline_unrestricted,97,0.0,0.3333333333333333,0.2,0,3,6,9,12,15,0.2
Warren,./data/CHILDES/Manchester/Warren/020003.cha,mother,human,Human,baseline_unrestricted,97,0.46153846153846156,0.25,0.38095238095238093,6,2,13,8,13,21,0.38095238095238093
Warren,./data/CHILDES/Manchester/Warren/020003.cha,other_adult,human,Human,baseline_unrestricted,97,,,,0,0,0,0,0,0,
Warren,./data/CHILDES/Manchester/Warren/020413.cha,child,human,Human,baseline_unrestricted,119,0.26666666666666666,0.09090909090909091,0.16216216216216217,4,2,15,22,31,37,0.16216216216216217
Warren,./data/CHILDES/Manchester/Warren/020413.cha,mother,human,Human,baseline_unrestricted,119,0.35714285714285715,0.15789473684210525,0.24242424242424243,5,3,14,19,25,33,0.24242424242424243
Warren,./data/CHILDES/Manchester/Warren/020413.cha,other_adult,human,Human,baseline_unrestricted,119,,,,0,0,0,0,0,0,
Warren,./data/CHILDES/Manchester/Warren/020604.cha,child,human,Human,baseline_unrestricted,116,0.3333333333333333,0.3181818181818182,0.3225806451612903,3,7,9,22,21,31,0.3225806451612903
Warren,./data/CHILDES/Manchester/Warren/020604.cha,mother,human,Human,baseline_unrestricted,116,0.6,0.19047619047619047,0.3611111111111111,9,4,15,21,23,36,0.3611111111111111
Warren,./data/CHILDES/Manchester/Warren/020604.cha,other_adult,human,Human,baseline_unrestricted,116,,,,0,0,0,0,0,0,
